id,motor,propeller,battery,number_of_batteries,useful thrust,endurance,score
2bcdc958,KDE5215-220KV,"18.5""x6.3 DUAL-EDN (KDE)",Turnigy High Capacity 10000mAh 6S 12C Lipo Pack w/XT90,1,2894.3058823529423,16.344838152827855,1.2668841047116475
13d5254c,KDE5215-220KV,"18.5""x6.3 DUAL-EDN (KDE)",Turnigy High Capacity 10000mAh 6S 12C Lipo Pack w/XT90,2,1574.3058823529427,32.68967630565571,0.9169690793014942
3d7797a3,KDE5215-220KV,"18.5""x6.3 DUAL-EDN (KDE)",Turnigy High Capacity 10000mAh 6S 12C Lipo Pack w/XT90,3,254.30588235294272,49.034514458483564,0.8630594851768754
ea750a14,KDE5215-220KV,"18.5""x6.3 DUAL-EDN (KDE)",Turnigy High Capacity 10000mAh 6S 12C Lipo Pack w/XT90,4,-1065.6941176470573,65.37935261131142,0.9345420381198827
70246145,KDE5215-220KV,"18.5""x6.3 DUAL-EDN (KDE)",Turnigy High Capacity 10000mAh 6S 12C Lipo Pack w/XT90,5,-2385.6941176470573,81.72419076413927,1.0707905291068056
fd678397,KDE5215-220KV,"18.5""x6.3 DUAL-EDN (KDE)",Turnigy High Capacity 16000mAh 6S 12C Lipo Pack w/XT90,1,2199.3058823529423,26.151741044524563,1.0458656464521061
f8d6be61,KDE5215-220KV,"18.5""x6.3 DUAL-EDN (KDE)",Turnigy High Capacity 16000mAh 6S 12C Lipo Pack w/XT90,2,184.30588235294272,52.303482089049126,0.9045170085001907
8c3a8442,KDE5215-220KV,"18.5""x6.3 DUAL-EDN (KDE)",Turnigy High Capacity 16000mAh 6S 12C Lipo Pack w/XT90,3,-1830.6941176470573,78.45522313357368,1.0678230427903037
aa3c71f3,KDE5215-220KV,"18.5""x6.3 DUAL-EDN (KDE)",Turnigy High Capacity 16000mAh 6S 12C Lipo Pack w/XT90,4,-3845.6941176470573,104.60696417809825,1.3449483959999862
6ec34844,KDE5215-220KV,"18.5""x6.3 DUAL-EDN (KDE)",Turnigy High Capacity 16000mAh 6S 12C Lipo Pack w/XT90,5,-5860.694117647057,130.75870522262284,1.676911997367087
d470c45b,KDE5215-220KV,"18.5""x6.3 DUAL-EDN (KDE)",Turnigy Heavy Duty 5000mAh 6S 60C LiPo Pack w/XT90,1,3464.3058823529423,8.172419076413927,1.61642655491665
a6df5bb4,KDE5215-220KV,"18.5""x6.3 DUAL-EDN (KDE)",Turnigy Heavy Duty 5000mAh 6S 60C LiPo Pack w/XT90,2,2714.3058823529423,16.344838152827855,1.1507164162604395
f9f36786,KDE5215-220KV,"18.5""x6.3 DUAL-EDN (KDE)",Turnigy Heavy Duty 5000mAh 6S 60C LiPo Pack w/XT90,3,1964.3058823529423,24.517257229241782,0.9201056643594272
cea66409,KDE5215-220KV,"18.5""x6.3 DUAL-EDN (KDE)",Turnigy Heavy Duty 5000mAh 6S 60C LiPo Pack w/XT90,4,1214.3058823529427,32.68967630565571,0.8093595440290553
45f3cab5,KDE5215-220KV,"18.5""x6.3 DUAL-EDN (KDE)",Turnigy Heavy Duty 5000mAh 6S 60C LiPo Pack w/XT90,5,464.3058823529427,40.86209538206963,0.7679770776208437
4416338d,KDE5215-220KV,"18.5""x6.3 DUAL-EDN (KDE)",Turnigy High Capacity 20000mAh 6S 12C Lipo Pack w/XT90,1,1584.3058823529427,32.68967630565571,0.9202202904209946
f0165c4d,KDE5215-220KV,"18.5""x6.3 DUAL-EDN (KDE)",Turnigy High Capacity 20000mAh 6S 12C Lipo Pack w/XT90,2,-1045.6941176470573,65.37935261131142,0.9370087149891595
9ff0eca8,KDE5215-220KV,"18.5""x6.3 DUAL-EDN (KDE)",Turnigy High Capacity 20000mAh 6S 12C Lipo Pack w/XT90,3,-3675.6941176470573,98.06902891696713,1.246768727560004
5200da2b,KDE5215-220KV,"18.5""x6.3 DUAL-EDN (KDE)",Turnigy High Capacity 20000mAh 6S 12C Lipo Pack w/XT90,4,-6305.694117647057,130.75870522262284,1.6586275386846954
38ea6ff0,KDE5215-220KV,"18.5""x6.3 DUAL-EDN (KDE)",Turnigy High Capacity 20000mAh 6S 12C Lipo Pack w/XT90,5,-8935.694117647057,163.44838152827853,2.1179353749113696
5b3f6ae3,KDE5215-220KV,"18.5""x6.3 DUAL-EDN (KDE)",Turnigy High Capacity 14000mAh 6S 12C Lipo Pack w/XT90,1,2394.3058823529423,22.882773413958994,1.0834396912979039
034aa5ee,KDE5215-220KV,"18.5""x6.3 DUAL-EDN (KDE)",Turnigy High Capacity 14000mAh 6S 12C Lipo Pack w/XT90,2,574.3058823529427,45.76554682791799,0.8725606361206244
c1e94a44,KDE5215-220KV,"18.5""x6.3 DUAL-EDN (KDE)",Turnigy High Capacity 14000mAh 6S 12C Lipo Pack w/XT90,3,-1245.6941176470573,68.64832024187699,0.9674544942473856
9b4838ba,KDE5215-220KV,"18.5""x6.3 DUAL-EDN (KDE)",Turnigy High Capacity 14000mAh 6S 12C Lipo Pack w/XT90,4,-3065.6941176470573,91.53109365583597,1.179908771693693
ee76044f,KDE5215-220KV,"18.5""x6.3 DUAL-EDN (KDE)",Turnigy High Capacity 14000mAh 6S 12C Lipo Pack w/XT90,5,-4885.694117647057,114.41386706979497,1.4498808237049325
b6d11180,KDE5215-220KV,"18.5""x6.3 DUAL-EDN (KDE)",Turnigy Graphene Professional 12000mAh 6S 15C LiPo Pack w/ XT90,1,2604.3058823529423,19.61380578339342,1.1406406333080699
28c7ceed,KDE5215-220KV,"18.5""x6.3 DUAL-EDN (KDE)",Turnigy Graphene Professional 12000mAh 6S 15C LiPo Pack w/ XT90,2,994.3058823529427,39.22761156678684,0.8604927366471533
c40f27a5,KDE5215-220KV,"18.5""x6.3 DUAL-EDN (KDE)",Turnigy Graphene Professional 12000mAh 6S 15C LiPo Pack w/ XT90,3,-615.6941176470573,58.84141735018027,0.8847937534947822
958ba391,KDE5215-220KV,"18.5""x6.3 DUAL-EDN (KDE)",Turnigy Graphene Professional 12000mAh 6S 15C LiPo Pack w/ XT90,4,-2225.6941176470573,78.45522313357368,1.0304284900565905
35fe4924,KDE5215-220KV,"18.5""x6.3 DUAL-EDN (KDE)",Turnigy Graphene Professional 12000mAh 6S 15C LiPo Pack w/ XT90,5,-3835.6941176470573,98.06902891696713,1.236606744036047
9ad0e0c0,KDE5215-220KV,"18.5""x6.3 DUAL-EDN (KDE)",Turnigy High Capacity 12000mAh 6S 12C Lipo Pack w/XT90,1,2564.3058823529423,19.61380578339342,1.1182514977661429
d669e1a5,KDE5215-220KV,"18.5""x6.3 DUAL-EDN (KDE)",Turnigy High Capacity 12000mAh 6S 12C Lipo Pack w/XT90,2,914.3058823529427,39.22761156678684,0.8407528509848919
8453c724,KDE5215-220KV,"18.5""x6.3 DUAL-EDN (KDE)",Turnigy High Capacity 12000mAh 6S 12C Lipo Pack w/XT90,3,-735.6941176470573,58.84141735018027,0.8682057136625069
ce7181a9,KDE5215-220KV,"18.5""x6.3 DUAL-EDN (KDE)",Turnigy High Capacity 12000mAh 6S 12C Lipo Pack w/XT90,4,-2385.6941176470573,78.45522313357368,1.016307735264046
e3e51607,KDE5215-220KV,"18.5""x6.3 DUAL-EDN (KDE)",Turnigy High Capacity 12000mAh 6S 12C Lipo Pack w/XT90,5,-4035.6941176470573,98.06902891696713,1.2243689705968928
50e04da0,KDE5215-220KV,"18.5""x6.3 DUAL-EDN (KDE)",Turnigy Graphene Panther 6000mAh 6S 75C Battery Pack w/XT90,1,3264.3058823529423,9.80690289169671,1.4484058222277518
6b77911f,KDE5215-220KV,"18.5""x6.3 DUAL-EDN (KDE)",Turnigy Graphene Panther 6000mAh 6S 75C Battery Pack w/XT90,2,2314.3058823529423,19.61380578339342,0.9899456635702352
0e9d3e51,KDE5215-220KV,"18.5""x6.3 DUAL-EDN (KDE)",Turnigy Graphene Panther 6000mAh 6S 75C Battery Pack w/XT90,3,1364.3058823529427,29.420708675090136,0.7975935641760757
b9f48141,KDE5215-220KV,"18.5""x6.3 DUAL-EDN (KDE)",Turnigy Graphene Panther 6000mAh 6S 75C Battery Pack w/XT90,4,414.3058823529427,39.22761156678684,0.730653477573663
48778fe3,KDE5215-220KV,"18.5""x6.3 DUAL-EDN (KDE)",Turnigy Graphene Panther 6000mAh 6S 75C Battery Pack w/XT90,5,-535.6941176470573,49.034514458483564,0.732752897855408
cf14f660,KDE5215-220KV,"18.5""x6.3 DUAL-EDN (KDE)",Turnigy Graphene Professional 8000mAh 6S 15C LiPo Pack w/XT90,1,3104.3058823529423,13.075870522262282,1.367503787707337
025a1286,KDE5215-220KV,"18.5""x6.3 DUAL-EDN (KDE)",Turnigy Graphene Professional 8000mAh 6S 15C LiPo Pack w/XT90,2,1994.3058823529423,26.151741044524563,0.9592472663291385
27c2c113,KDE5215-220KV,"18.5""x6.3 DUAL-EDN (KDE)",Turnigy Graphene Professional 8000mAh 6S 15C LiPo Pack w/XT90,3,884.3058823529427,39.22761156678684,0.8335158824973394
801fed96,KDE5215-220KV,"18.5""x6.3 DUAL-EDN (KDE)",Turnigy Graphene Professional 8000mAh 6S 15C LiPo Pack w/XT90,4,-225.69411764705728,52.303482089049126,0.8342986405848657
ed530e75,KDE5215-220KV,"18.5""x6.3 DUAL-EDN (KDE)",Turnigy Graphene Professional 8000mAh 6S 15C LiPo Pack w/XT90,5,-1335.6941176470573,65.37935261131142,0.9025943512197836
ccd84c8f,KDE5215-220KV,"18.5""x6.3 DUAL-EDN (KDE)",Turnigy Nano-Tech Plus 6000mAh 6S 70C LiPo Pack w/XT90,1,3180.3058823529423,9.80690289169671,1.3752704674728533
b5544eb5,KDE5215-220KV,"18.5""x6.3 DUAL-EDN (KDE)",Turnigy Nano-Tech Plus 6000mAh 6S 70C LiPo Pack w/XT90,2,2146.3058823529423,19.61380578339342,0.9135756069098651
53b0f5bb,KDE5215-220KV,"18.5""x6.3 DUAL-EDN (KDE)",Turnigy Nano-Tech Plus 6000mAh 6S 70C LiPo Pack w/XT90,3,1112.3058823529427,29.420708675090136,0.7273892760214017
b8b3b618,KDE5215-220KV,"18.5""x6.3 DUAL-EDN (KDE)",Turnigy Nano-Tech Plus 6000mAh 6S 70C LiPo Pack w/XT90,4,78.30588235294272,39.22761156678684,0.6674680655013759
4804626a,KDE5215-220KV,"18.5""x6.3 DUAL-EDN (KDE)",Turnigy Nano-Tech Plus 6000mAh 6S 70C LiPo Pack w/XT90,5,-955.6941176470573,49.034514458483564,0.6758754030489045
878c335f,KDE6213XF-185,"21.5""x7.3 DUAL-EDN (KDE)",Turnigy High Capacity 10000mAh 6S 12C Lipo Pack w/XT90,1,5430.070588235294,11.048265696757952,1.8882774139586322
85f32725,KDE6213XF-185,"21.5""x7.3 DUAL-EDN (KDE)",Turnigy High Capacity 10000mAh 6S 12C Lipo Pack w/XT90,2,4110.070588235294,22.096531393515903,1.280327402382751
434a3016,KDE6213XF-185,"21.5""x7.3 DUAL-EDN (KDE)",Turnigy High Capacity 10000mAh 6S 12C Lipo Pack w/XT90,3,2790.070588235294,33.144797090273855,1.0312802675777188
54934e0d,KDE6213XF-185,"21.5""x7.3 DUAL-EDN (KDE)",Turnigy High Capacity 10000mAh 6S 12C Lipo Pack w/XT90,4,1470.070588235294,44.193062787031806,0.942258897709247
3d03b8dd,KDE6213XF-185,"21.5""x7.3 DUAL-EDN (KDE)",Turnigy High Capacity 10000mAh 6S 12C Lipo Pack w/XT90,5,150.07058823529405,55.241328483789744,0.9384142389706667
380564e8,KDE6213XF-185,"21.5""x7.3 DUAL-EDN (KDE)",Turnigy High Capacity 16000mAh 6S 12C Lipo Pack w/XT90,1,4735.070588235294,17.677225114812718,1.514559252051458
a7473401,KDE6213XF-185,"21.5""x7.3 DUAL-EDN (KDE)",Turnigy High Capacity 16000mAh 6S 12C Lipo Pack w/XT90,2,2720.070588235294,35.354450229625435,1.050551227947225
61279a6d,KDE6213XF-185,"21.5""x7.3 DUAL-EDN (KDE)",Turnigy High Capacity 16000mAh 6S 12C Lipo Pack w/XT90,3,705.070588235294,53.031675344438156,0.9729820925375737
3215fcdd,KDE6213XF-185,"21.5""x7.3 DUAL-EDN (KDE)",Turnigy High Capacity 16000mAh 6S 12C Lipo Pack w/XT90,4,-1309.929411764706,70.70890045925087,1.0465174766495164
3ab14a74,KDE6213XF-185,"21.5""x7.3 DUAL-EDN (KDE)",Turnigy High Capacity 16000mAh 6S 12C Lipo Pack w/XT90,5,-3324.929411764706,88.38612557406361,1.1946649404930758
eac69b26,KDE6213XF-185,"21.5""x7.3 DUAL-EDN (KDE)",Turnigy Heavy Duty 5000mAh 6S 60C LiPo Pack w/XT90,1,6000.070588235294,5.524132848378976,2.3853231952212735
d25a7b4f,KDE6213XF-185,"21.5""x7.3 DUAL-EDN (KDE)",Turnigy Heavy Duty 5000mAh 6S 60C LiPo Pack w/XT90,2,5250.070588235294,11.048265696757952,1.7436881977566718
d02ad231,KDE6213XF-185,"21.5""x7.3 DUAL-EDN (KDE)",Turnigy Heavy Duty 5000mAh 6S 60C LiPo Pack w/XT90,3,4500.070588235294,16.572398545136927,1.369412013188382
a41cfdd2,KDE6213XF-185,"21.5""x7.3 DUAL-EDN (KDE)",Turnigy Heavy Duty 5000mAh 6S 60C LiPo Pack w/XT90,4,3750.070588235294,22.096531393515903,1.1388801977763283
3c3b8f20,KDE6213XF-185,"21.5""x7.3 DUAL-EDN (KDE)",Turnigy Heavy Duty 5000mAh 6S 60C LiPo Pack w/XT90,5,3000.070588235294,27.620664241894872,0.9945069615836242
d6c518d6,KDE6213XF-185,"21.5""x7.3 DUAL-EDN (KDE)",Turnigy High Capacity 20000mAh 6S 12C Lipo Pack w/XT90,1,4120.070588235294,22.096531393515903,1.2845798084835371
6b3e0b2c,KDE6213XF-185,"21.5""x7.3 DUAL-EDN (KDE)",Turnigy High Capacity 20000mAh 6S 12C Lipo Pack w/XT90,2,1490.070588235294,44.193062787031806,0.9456426759177639
6e1a26c7,KDE6213XF-185,"21.5""x7.3 DUAL-EDN (KDE)",Turnigy High Capacity 20000mAh 6S 12C Lipo Pack w/XT90,3,-1139.929411764706,66.28959418054771,0.9879874269833362
74571bcf,KDE6213XF-185,"21.5""x7.3 DUAL-EDN (KDE)",Turnigy High Capacity 20000mAh 6S 12C Lipo Pack w/XT90,4,-3769.929411764706,88.38612557406361,1.1687417128257596
8b34793a,KDE6213XF-185,"21.5""x7.3 DUAL-EDN (KDE)",Turnigy High Capacity 20000mAh 6S 12C Lipo Pack w/XT90,5,-6399.929411764706,110.48265696757949,1.4151816296205908
1b1c6134,KDE6213XF-185,"21.5""x7.3 DUAL-EDN (KDE)",Turnigy High Capacity 14000mAh 6S 12C Lipo Pack w/XT90,1,4930.070588235294,15.46757197546113,1.5951601048197768
6f5bec7a,KDE6213XF-185,"21.5""x7.3 DUAL-EDN (KDE)",Turnigy High Capacity 14000mAh 6S 12C Lipo Pack w/XT90,2,3110.070588235294,30.93514395092226,1.0803958785700154
b1acd9de,KDE6213XF-185,"21.5""x7.3 DUAL-EDN (KDE)",Turnigy High Capacity 14000mAh 6S 12C Lipo Pack w/XT90,3,1290.070588235294,46.40271592638339,0.949463795900608
20162fb0,KDE6213XF-185,"21.5""x7.3 DUAL-EDN (KDE)",Turnigy High Capacity 14000mAh 6S 12C Lipo Pack w/XT90,4,-529.929411764706,61.87028790184452,0.9732328868180347
84fd4229,KDE6213XF-185,"21.5""x7.3 DUAL-EDN (KDE)",Turnigy High Capacity 14000mAh 6S 12C Lipo Pack w/XT90,5,-2349.929411764706,77.33785987730565,1.0746798430548496
829ced50,KDE6213XF-185,"21.5""x7.3 DUAL-EDN (KDE)",Turnigy Graphene Professional 12000mAh 6S 15C LiPo Pack w/ XT90,1,5140.070588235294,13.257918836109539,1.699526638361374
cb4982de,KDE6213XF-185,"21.5""x7.3 DUAL-EDN (KDE)",Turnigy Graphene Professional 12000mAh 6S 15C LiPo Pack w/ XT90,2,3530.070588235294,26.515837672219078,1.1359520552522175
d9afd2fe,KDE6213XF-185,"21.5""x7.3 DUAL-EDN (KDE)",Turnigy Graphene Professional 12000mAh 6S 15C LiPo Pack w/ XT90,3,1920.070588235294,39.77375650832862,0.9496277063708096
12759241,KDE6213XF-185,"21.5""x7.3 DUAL-EDN (KDE)",Turnigy Graphene Professional 12000mAh 6S 15C LiPo Pack w/ XT90,4,310.07058823529405,53.031675344438156,0.9211903740392122
abbc4bb7,KDE6213XF-185,"21.5""x7.3 DUAL-EDN (KDE)",Turnigy Graphene Professional 12000mAh 6S 15C LiPo Pack w/ XT90,5,-1299.929411764706,66.28959418054771,0.9737377257642237
a892b752,KDE6213XF-185,"21.5""x7.3 DUAL-EDN (KDE)",Turnigy High Capacity 12000mAh 6S 12C Lipo Pack w/XT90,1,5100.070588235294,13.257918836109539,1.6713323336812898
6a2ed5ab,KDE6213XF-185,"21.5""x7.3 DUAL-EDN (KDE)",Turnigy High Capacity 12000mAh 6S 12C Lipo Pack w/XT90,2,3450.070588235294,26.515837672219078,1.1097206921772425
a9cfd373,KDE6213XF-185,"21.5""x7.3 DUAL-EDN (KDE)",Turnigy High Capacity 12000mAh 6S 12C Lipo Pack w/XT90,3,1800.070588235294,39.77375650832862,0.9269753074875517
c83a5dc7,KDE6213XF-185,"21.5""x7.3 DUAL-EDN (KDE)",Turnigy High Capacity 12000mAh 6S 12C Lipo Pack w/XT90,4,150.07058823529405,53.031675344438156,0.9015866866481401
96ecb1c6,KDE6213XF-185,"21.5""x7.3 DUAL-EDN (KDE)",Turnigy High Capacity 12000mAh 6S 12C Lipo Pack w/XT90,5,-1499.929411764706,66.28959418054771,0.9565594576829215
26a8b7c0,KDE6213XF-185,"21.5""x7.3 DUAL-EDN (KDE)",Turnigy Graphene Panther 6000mAh 6S 75C Battery Pack w/XT90,1,5800.070588235294,6.6289594180547695,2.169874287501344
aecdd0e0,KDE6213XF-185,"21.5""x7.3 DUAL-EDN (KDE)",Turnigy Graphene Panther 6000mAh 6S 75C Battery Pack w/XT90,2,4850.070588235294,13.257918836109539,1.5086858396985654
cd1a6f32,KDE6213XF-185,"21.5""x7.3 DUAL-EDN (KDE)",Turnigy Graphene Panther 6000mAh 6S 75C Battery Pack w/XT90,3,3900.070588235294,19.88687825416431,1.1583648117634149
50bf7caf,KDE6213XF-185,"21.5""x7.3 DUAL-EDN (KDE)",Turnigy Graphene Panther 6000mAh 6S 75C Battery Pack w/XT90,4,2950.070588235294,26.515837672219078,0.9625558199208781
91108e81,KDE6213XF-185,"21.5""x7.3 DUAL-EDN (KDE)",Turnigy Graphene Panther 6000mAh 6S 75C Battery Pack w/XT90,5,2000.070588235294,33.144797090273855,0.8547031385703343
27a6c603,KDE6213XF-185,"21.5""x7.3 DUAL-EDN (KDE)",Turnigy Graphene Professional 8000mAh 6S 15C LiPo Pack w/XT90,1,5640.070588235294,8.838612557406359,2.04224052384302
54869d58,KDE6213XF-185,"21.5""x7.3 DUAL-EDN (KDE)",Turnigy Graphene Professional 8000mAh 6S 15C LiPo Pack w/XT90,2,4530.070588235294,17.677225114812718,1.4031929000395145
8e76489d,KDE6213XF-185,"21.5""x7.3 DUAL-EDN (KDE)",Turnigy Graphene Professional 8000mAh 6S 15C LiPo Pack w/XT90,3,3420.070588235294,26.515837672219078,1.1000921605150902
a3df6bfa,KDE6213XF-185,"21.5""x7.3 DUAL-EDN (KDE)",Turnigy Graphene Professional 8000mAh 6S 15C LiPo Pack w/XT90,4,2310.070588235294,35.354450229625435,0.9555465881808626
e0f0c85a,KDE6213XF-185,"21.5""x7.3 DUAL-EDN (KDE)",Turnigy Graphene Professional 8000mAh 6S 15C LiPo Pack w/XT90,5,1200.070588235294,44.193062787031806,0.8983641347730713
6948b799,KDE6213XF-185,"21.5""x7.3 DUAL-EDN (KDE)",Turnigy Nano-Tech Plus 6000mAh 6S 70C LiPo Pack w/XT90,1,5716.070588235294,6.6289594180547695,2.0812696478085995
696fd602,KDE6213XF-185,"21.5""x7.3 DUAL-EDN (KDE)",Turnigy Nano-Tech Plus 6000mAh 6S 70C LiPo Pack w/XT90,2,4682.070588235294,13.257918836109539,1.41099952200635
7310557a,KDE6213XF-185,"21.5""x7.3 DUAL-EDN (KDE)",Turnigy Nano-Tech Plus 6000mAh 6S 70C LiPo Pack w/XT90,3,3648.070588235294,19.88687825416431,1.065702577664532
cbeb696d,KDE6213XF-185,"21.5""x7.3 DUAL-EDN (KDE)",Turnigy Nano-Tech Plus 6000mAh 6S 70C LiPo Pack w/XT90,4,2614.070588235294,26.515837672219078,0.8774348575509947
ca961d62,KDE6213XF-185,"21.5""x7.3 DUAL-EDN (KDE)",Turnigy Nano-Tech Plus 6000mAh 6S 70C LiPo Pack w/XT90,5,1580.070588235294,33.144797090273855,0.7769699598756006
89c46646,P60 KV340,T-motor 20*6CF,Turnigy High Capacity 10000mAh 6S 12C Lipo Pack w/XT90,1,9399.294117647061,5.51252732764674,3.147562749884401
866d87fc,P60 KV340,T-motor 20*6CF,Turnigy High Capacity 10000mAh 6S 12C Lipo Pack w/XT90,2,8079.294117647061,11.02505465529348,2.0216249140259848
bc09b0de,P60 KV340,T-motor 20*6CF,Turnigy High Capacity 10000mAh 6S 12C Lipo Pack w/XT90,3,6759.294117647061,16.53758198294022,1.4581480804563507
c7684ecc,P60 KV340,T-motor 20*6CF,Turnigy High Capacity 10000mAh 6S 12C Lipo Pack w/XT90,4,5439.294117647061,22.05010931058696,1.1405680693768085
b38eabb1,P60 KV340,T-motor 20*6CF,Turnigy High Capacity 10000mAh 6S 12C Lipo Pack w/XT90,5,4119.294117647061,27.5626366382337,0.952351681043371
bbd4b116,P60 KV340,T-motor 20*6CF,Turnigy High Capacity 16000mAh 6S 12C Lipo Pack w/XT90,1,8704.294117647061,8.820043724234784,2.455219799977517
984f407a,P60 KV340,T-motor 20*6CF,Turnigy High Capacity 16000mAh 6S 12C Lipo Pack w/XT90,2,6689.294117647061,17.64008744846957,1.450118657206097
be202f71,P60 KV340,T-motor 20*6CF,Turnigy High Capacity 16000mAh 6S 12C Lipo Pack w/XT90,3,4674.294117647061,26.46013117270435,1.0401938433899294
b4b70b34,P60 KV340,T-motor 20*6CF,Turnigy High Capacity 16000mAh 6S 12C Lipo Pack w/XT90,4,2659.2941176470613,35.28017489693914,0.8589171486131116
c93aa98b,P60 KV340,T-motor 20*6CF,Turnigy High Capacity 16000mAh 6S 12C Lipo Pack w/XT90,5,644.2941176470613,44.10021862117392,0.7894617721324378
673a49a8,P60 KV340,T-motor 20*6CF,Turnigy Heavy Duty 5000mAh 6S 60C LiPo Pack w/XT90,1,9969.294117647061,2.75626366382337,4.024107766695697
3547b0aa,P60 KV340,T-motor 20*6CF,Turnigy Heavy Duty 5000mAh 6S 60C LiPo Pack w/XT90,2,9219.294117647061,5.51252732764674,2.92335399282167
d3035f42,P60 KV340,T-motor 20*6CF,Turnigy Heavy Duty 5000mAh 6S 60C LiPo Pack w/XT90,3,8469.294117647061,8.26879099147011,2.2519654841514933
d91ff1c4,P60 KV340,T-motor 20*6CF,Turnigy Heavy Duty 5000mAh 6S 60C LiPo Pack w/XT90,4,7719.294117647061,11.02505465529348,1.806815275439443
d1c2a0c8,P60 KV340,T-motor 20*6CF,Turnigy Heavy Duty 5000mAh 6S 60C LiPo Pack w/XT90,5,6969.294117647061,13.78131831911685,1.4954521907128013
54e62d63,P60 KV340,T-motor 20*6CF,Turnigy High Capacity 20000mAh 6S 12C Lipo Pack w/XT90,1,8089.294117647061,11.02505465529348,2.0280952149906555
6c625161,P60 KV340,T-motor 20*6CF,Turnigy High Capacity 20000mAh 6S 12C Lipo Pack w/XT90,2,5459.294117647061,22.05010931058696,1.1456224201394474
d7925cc3,P60 KV340,T-motor 20*6CF,Turnigy High Capacity 20000mAh 6S 12C Lipo Pack w/XT90,3,2829.2941176470613,33.07516396588044,0.8445654134247467
49f672bd,P60 KV340,T-motor 20*6CF,Turnigy High Capacity 20000mAh 6S 12C Lipo Pack w/XT90,4,199.29411764706128,44.10021862117392,0.7512380944557874
17adbeec,P60 KV340,T-motor 20*6CF,Turnigy High Capacity 20000mAh 6S 12C Lipo Pack w/XT90,5,-2430.7058823529387,55.1252732764674,0.7556855969831463
44763564,P60 KV340,T-motor 20*6CF,Turnigy High Capacity 14000mAh 6S 12C Lipo Pack w/XT90,1,8899.294117647061,7.717538258705437,2.61724256092447
ba823f1e,P60 KV340,T-motor 20*6CF,Turnigy High Capacity 14000mAh 6S 12C Lipo Pack w/XT90,2,7079.294117647061,15.435076517410874,1.569203483897865
2d03349b,P60 KV340,T-motor 20*6CF,Turnigy High Capacity 14000mAh 6S 12C Lipo Pack w/XT90,3,5259.294117647061,23.15261477611631,1.1147147895493323
39f4a68c,P60 KV340,T-motor 20*6CF,Turnigy High Capacity 14000mAh 6S 12C Lipo Pack w/XT90,4,3439.2941176470613,30.870153034821747,0.8951238562075272
3e7d3481,P60 KV340,T-motor 20*6CF,Turnigy High Capacity 14000mAh 6S 12C Lipo Pack w/XT90,5,1619.2941176470613,38.58769129352718,0.7922894002415788
1f24b762,P60 KV340,T-motor 20*6CF,Turnigy Graphene Professional 12000mAh 6S 15C LiPo Pack w/ XT90,1,9109.294117647061,6.615032793176088,2.816517367006607
d7935b75,P60 KV340,T-motor 20*6CF,Turnigy Graphene Professional 12000mAh 6S 15C LiPo Pack w/ XT90,2,7499.294117647061,13.230065586352175,1.7275939624079317
19765934,P60 KV340,T-motor 20*6CF,Turnigy Graphene Professional 12000mAh 6S 15C LiPo Pack w/ XT90,3,5889.294117647061,19.845098379528263,1.2249657480169978
f9c0ba4f,P60 KV340,T-motor 20*6CF,Turnigy Graphene Professional 12000mAh 6S 15C LiPo Pack w/ XT90,4,4279.294117647061,26.46013117270435,0.9631220151096236
b7bf4d1b,P60 KV340,T-motor 20*6CF,Turnigy Graphene Professional 12000mAh 6S 15C LiPo Pack w/ XT90,5,2669.2941176470613,33.07516396588044,0.8234630241828935
8ac2d7cb,P60 KV340,T-motor 20*6CF,Turnigy High Capacity 12000mAh 6S 12C Lipo Pack w/XT90,1,9069.294117647061,6.615032793176088,2.7729910391093235
78f3ead0,P60 KV340,T-motor 20*6CF,Turnigy High Capacity 12000mAh 6S 12C Lipo Pack w/XT90,2,7419.294117647061,13.230065586352175,1.6879247714379624
570d45bf,P60 KV340,T-motor 20*6CF,Turnigy High Capacity 12000mAh 6S 12C Lipo Pack w/XT90,3,5769.294117647061,19.845098379528263,1.1910698796896813
e682de2c,P60 KV340,T-motor 20*6CF,Turnigy High Capacity 12000mAh 6S 12C Lipo Pack w/XT90,4,4119.294117647061,26.46013117270435,0.9339765899512151
bade6392,P60 KV340,T-motor 20*6CF,Turnigy High Capacity 12000mAh 6S 12C Lipo Pack w/XT90,5,2469.2941176470613,33.07516396588044,0.7980340757236049
1cf59df0,P60 KV340,T-motor 20*6CF,Turnigy Graphene Panther 6000mAh 6S 75C Battery Pack w/XT90,1,9769.294117647061,3.307516396588044,3.6653596109139626
346d3004,P60 KV340,T-motor 20*6CF,Turnigy Graphene Panther 6000mAh 6S 75C Battery Pack w/XT90,2,8819.294117647061,6.615032793176088,2.5225301192135094
a67394ad,P60 KV340,T-motor 20*6CF,Turnigy Graphene Panther 6000mAh 6S 75C Battery Pack w/XT90,3,7869.294117647061,9.922549189764132,1.8738634702087034
11bffaea,P60 KV340,T-motor 20*6CF,Turnigy Graphene Panther 6000mAh 6S 75C Battery Pack w/XT90,4,6919.294117647061,13.230065586352175,1.4658744044174357
9ad59531,P60 KV340,T-motor 20*6CF,Turnigy Graphene Panther 6000mAh 6S 75C Battery Pack w/XT90,5,5969.294117647061,16.53758198294022,1.193132378931839
e86525c8,P60 KV340,T-motor 20*6CF,Turnigy Graphene Professional 8000mAh 6S 15C LiPo Pack w/XT90,1,9609.294117647061,4.410021862117392,3.4263594424031876
c47fd112,P60 KV340,T-motor 20*6CF,Turnigy Graphene Professional 8000mAh 6S 15C LiPo Pack w/XT90,2,8499.294117647061,8.820043724234784,2.284650154704817
681dcfa7,P60 KV340,T-motor 20*6CF,Turnigy Graphene Professional 8000mAh 6S 15C LiPo Pack w/XT90,3,7389.294117647061,13.230065586352175,1.6733705617741867
0180f5ed,P60 KV340,T-motor 20*6CF,Turnigy Graphene Professional 8000mAh 6S 15C LiPo Pack w/XT90,4,6279.294117647061,17.64008744846957,1.3074446656163685
849a44e8,P60 KV340,T-motor 20*6CF,Turnigy Graphene Professional 8000mAh 6S 15C LiPo Pack w/XT90,5,5169.294117647061,22.05010931058696,1.0750427632128206
b5b76551,P60 KV340,T-motor 20*6CF,Turnigy Nano-Tech Plus 6000mAh 6S 70C LiPo Pack w/XT90,1,9685.294117647061,3.307516396588044,3.526556856662511
28c571d3,P60 KV340,T-motor 20*6CF,Turnigy Nano-Tech Plus 6000mAh 6S 70C LiPo Pack w/XT90,2,8651.294117647061,6.615032793176088,2.372618255142647
391ed18a,P60 KV340,T-motor 20*6CF,Turnigy Nano-Tech Plus 6000mAh 6S 70C LiPo Pack w/XT90,3,7617.294117647061,9.922549189764132,1.7333655517452238
14fd4511,P60 KV340,T-motor 20*6CF,Turnigy Nano-Tech Plus 6000mAh 6S 70C LiPo Pack w/XT90,4,6583.294117647061,13.230065586352175,1.3378286758701365
7a017e7c,P60 KV340,T-motor 20*6CF,Turnigy Nano-Tech Plus 6000mAh 6S 70C LiPo Pack w/XT90,5,5549.294117647061,16.53758198294022,1.0768527766692357
d60fdc38,P60 KV340,T-motor 22*6.6CF,Turnigy High Capacity 10000mAh 6S 12C Lipo Pack w/XT90,1,12834.58823529412,4.482494003949092,4.247201157747045
2588f7af,P60 KV340,T-motor 22*6.6CF,Turnigy High Capacity 10000mAh 6S 12C Lipo Pack w/XT90,2,11514.58823529412,8.964988007898183,2.7687495503501958
4f9f9389,P60 KV340,T-motor 22*6.6CF,Turnigy High Capacity 10000mAh 6S 12C Lipo Pack w/XT90,3,10194.58823529412,13.447482011847276,2.0076425860081826
714d11e1,P60 KV340,T-motor 22*6.6CF,Turnigy High Capacity 10000mAh 6S 12C Lipo Pack w/XT90,4,8874.58823529412,17.929976015796367,1.5601445076861626
173528df,P60 KV340,T-motor 22*6.6CF,Turnigy High Capacity 10000mAh 6S 12C Lipo Pack w/XT90,5,7554.588235294121,22.412470019745456,1.2776326264613058
af933a03,P60 KV340,T-motor 22*6.6CF,Turnigy High Capacity 16000mAh 6S 12C Lipo Pack w/XT90,1,12139.58823529412,7.171990406318547,3.338729205073254
9e0e6fcc,P60 KV340,T-motor 22*6.6CF,Turnigy High Capacity 16000mAh 6S 12C Lipo Pack w/XT90,2,10124.58823529412,14.343980812637094,1.9889087656975615
d33f3ccc,P60 KV340,T-motor 22*6.6CF,Turnigy High Capacity 16000mAh 6S 12C Lipo Pack w/XT90,3,8109.588235294121,21.51597121895564,1.3981570431071235
1dda957d,P60 KV340,T-motor 22*6.6CF,Turnigy High Capacity 16000mAh 6S 12C Lipo Pack w/XT90,4,6094.588235294121,28.687961625274188,1.099015765809798
e0fa6257,P60 KV340,T-motor 22*6.6CF,Turnigy High Capacity 16000mAh 6S 12C Lipo Pack w/XT90,5,4079.5882352941208,35.859952031592734,0.942487795626491
55663b17,P60 KV340,T-motor 22*6.6CF,Turnigy Heavy Duty 5000mAh 6S 60C LiPo Pack w/XT90,1,13404.58823529412,2.241247001974546,5.386351816338092
b36448ac,P60 KV340,T-motor 22*6.6CF,Turnigy Heavy Duty 5000mAh 6S 60C LiPo Pack w/XT90,2,12654.58823529412,4.482494003949092,3.9612525317081566
0cad9b57,P60 KV340,T-motor 22*6.6CF,Turnigy Heavy Duty 5000mAh 6S 60C LiPo Pack w/XT90,3,11904.58823529412,6.723741005923638,3.0837518746354524
8b403ed4,P60 KV340,T-motor 22*6.6CF,Turnigy Heavy Duty 5000mAh 6S 60C LiPo Pack w/XT90,4,11154.58823529412,8.964988007898183,2.494788257230204
c1e07f00,P60 KV340,T-motor 22*6.6CF,Turnigy Heavy Duty 5000mAh 6S 60C LiPo Pack w/XT90,5,10404.58823529412,11.206235009872728,2.0764524279029137
1419d385,P60 KV340,T-motor 22*6.6CF,Turnigy High Capacity 20000mAh 6S 12C Lipo Pack w/XT90,1,11524.58823529412,8.964988007898183,2.777001563764587
b93f4817,P60 KV340,T-motor 22*6.6CF,Turnigy High Capacity 20000mAh 6S 12C Lipo Pack w/XT90,2,8894.58823529412,17.929976015796367,1.566590663826669
e7cf8648,P60 KV340,T-motor 22*6.6CF,Turnigy High Capacity 20000mAh 6S 12C Lipo Pack w/XT90,3,6264.588235294121,26.894964023694552,1.0976987301994003
e23bb6bc,P60 KV340,T-motor 22*6.6CF,Turnigy High Capacity 20000mAh 6S 12C Lipo Pack w/XT90,4,3634.5882352941208,35.859952031592734,0.8937385484651348
485ec55e,P60 KV340,T-motor 22*6.6CF,Turnigy High Capacity 20000mAh 6S 12C Lipo Pack w/XT90,5,1004.5882352941208,44.82494003949091,0.8144772243238727
381d8814,P60 KV340,T-motor 22*6.6CF,Turnigy High Capacity 14000mAh 6S 12C Lipo Pack w/XT90,1,12334.58823529412,6.275491605528728,3.553861167501016
f4862910,P60 KV340,T-motor 22*6.6CF,Turnigy High Capacity 14000mAh 6S 12C Lipo Pack w/XT90,2,10514.58823529412,12.550983211057456,2.1577724225491517
13a10d00,P60 KV340,T-motor 22*6.6CF,Turnigy High Capacity 14000mAh 6S 12C Lipo Pack w/XT90,3,8694.58823529412,18.826474816586188,1.5186787148792802
b4a13358,P60 KV340,T-motor 22*6.6CF,Turnigy High Capacity 14000mAh 6S 12C Lipo Pack w/XT90,4,6874.588235294121,25.101966422114913,1.1791660445401313
412838ea,P60 KV340,T-motor 22*6.6CF,Turnigy High Capacity 14000mAh 6S 12C Lipo Pack w/XT90,5,5054.588235294121,31.37745802764364,0.9885608242227748
9b36c0eb,P60 KV340,T-motor 22*6.6CF,Turnigy Graphene Professional 12000mAh 6S 15C LiPo Pack w/ XT90,1,12544.58823529412,5.37899280473891,3.81650318824717
095d7cbe,P60 KV340,T-motor 22*6.6CF,Turnigy Graphene Professional 12000mAh 6S 15C LiPo Pack w/ XT90,2,10934.58823529412,10.75798560947782,2.376765241527361
f3f7793b,P60 KV340,T-motor 22*6.6CF,Turnigy Graphene Professional 12000mAh 6S 15C LiPo Pack w/ XT90,3,9324.58823529412,16.13697841421673,1.6847692933335323
597454a9,P60 KV340,T-motor 22*6.6CF,Turnigy Graphene Professional 12000mAh 6S 15C LiPo Pack w/ XT90,4,7714.588235294121,21.51597121895564,1.2998621161302417
9ff15556,P60 KV340,T-motor 22*6.6CF,Turnigy Graphene Professional 12000mAh 6S 15C LiPo Pack w/ XT90,5,6104.588235294121,26.894964023694552,1.0707854227581686
11f81424,P60 KV340,T-motor 22*6.6CF,Turnigy High Capacity 12000mAh 6S 12C Lipo Pack w/XT90,1,12504.58823529412,5.37899280473891,3.7609911118153647
2526a048,P60 KV340,T-motor 22*6.6CF,Turnigy High Capacity 12000mAh 6S 12C Lipo Pack w/XT90,2,10854.58823529412,10.75798560947782,2.326172433277845
09bf2ab2,P60 KV340,T-motor 22*6.6CF,Turnigy High Capacity 12000mAh 6S 12C Lipo Pack w/XT90,3,9204.58823529412,16.13697841421673,1.6415395947991467
ece89b76,P60 KV340,T-motor 22*6.6CF,Turnigy High Capacity 12000mAh 6S 12C Lipo Pack w/XT90,4,7554.588235294121,21.51597121895564,1.2626909797814756
9f0943b5,P60 KV340,T-motor 22*6.6CF,Turnigy High Capacity 12000mAh 6S 12C Lipo Pack w/XT90,5,5904.588235294121,26.894964023694552,1.0383541610679174
7c6a0ad5,P60 KV340,T-motor 22*6.6CF,Turnigy Graphene Panther 6000mAh 6S 75C Battery Pack w/XT90,1,13204.58823529412,2.689496402369455,4.9245692989804075
c7335612,P60 KV340,T-motor 22*6.6CF,Turnigy Graphene Panther 6000mAh 6S 75C Battery Pack w/XT90,2,12254.58823529412,5.37899280473891,3.441561322993129
0faee177,P60 KV340,T-motor 22*6.6CF,Turnigy Graphene Panther 6000mAh 6S 75C Battery Pack w/XT90,3,11304.58823529412,8.068489207108366,2.588792717490188
50b92158,P60 KV340,T-motor 22*6.6CF,Turnigy Graphene Panther 6000mAh 6S 75C Battery Pack w/XT90,4,10354.58823529412,10.75798560947782,2.042976548367849
dc7767d0,P60 KV340,T-motor 22*6.6CF,Turnigy Graphene Panther 6000mAh 6S 75C Battery Pack w/XT90,5,9404.58823529412,13.447482011847276,1.669650097568208
cd6b0d6c,P60 KV340,T-motor 22*6.6CF,Turnigy Graphene Professional 8000mAh 6S 15C LiPo Pack w/XT90,1,13044.58823529412,3.5859952031592734,4.611262830715874
a03d8e4b,P60 KV340,T-motor 22*6.6CF,Turnigy Graphene Professional 8000mAh 6S 15C LiPo Pack w/XT90,2,11934.58823529412,7.171990406318547,3.1211901742671433
e93bba2f,P60 KV340,T-motor 22*6.6CF,Turnigy Graphene Professional 8000mAh 6S 15C LiPo Pack w/XT90,3,10824.58823529412,10.75798560947782,2.307610463125742
dab0edf6,P60 KV340,T-motor 22*6.6CF,Turnigy Graphene Professional 8000mAh 6S 15C LiPo Pack w/XT90,4,9714.58823529412,14.343980812637094,1.8069469529609068
f86d89ce,P60 KV340,T-motor 22*6.6CF,Turnigy Graphene Professional 8000mAh 6S 15C LiPo Pack w/XT90,5,8604.58823529412,17.929976015796367,1.4765756430537813
d4c277d2,P60 KV340,T-motor 22*6.6CF,Turnigy Nano-Tech Plus 6000mAh 6S 70C LiPo Pack w/XT90,1,13120.58823529412,2.689496402369455,4.74754473763595
14fe4e7f,P60 KV340,T-motor 22*6.6CF,Turnigy Nano-Tech Plus 6000mAh 6S 70C LiPo Pack w/XT90,2,12086.58823529412,5.37899280473891,3.250368560856733
a56aec03,P60 KV340,T-motor 22*6.6CF,Turnigy Nano-Tech Plus 6000mAh 6S 70C LiPo Pack w/XT90,3,11052.58823529412,8.068489207108366,2.4096061983181682
5903fe9a,P60 KV340,T-motor 22*6.6CF,Turnigy Nano-Tech Plus 6000mAh 6S 70C LiPo Pack w/XT90,4,10018.58823529412,10.75798560947782,1.8796711510768573
8d9ca049,P60 KV340,T-motor 22*6.6CF,Turnigy Nano-Tech Plus 6000mAh 6S 70C LiPo Pack w/XT90,5,8984.58823529412,13.447482011847276,1.5213508387036807
771cc8ce,U15II Power Type Heavy Lift Drone Motor KV80,"Xoar PJP-T-L 40""x10"" propeller",LiPo 4000mAh 12S 44.4v Battery Pack,1,11765.470588235294,3.7232291950243934,1.1077804742798227
a24ec06d,U15II Power Type Heavy Lift Drone Motor KV80,"Xoar PJP-T-L 40""x10"" propeller",LiPo 4000mAh 12S 44.4v Battery Pack,2,10634.470588235294,7.446458390048787,0.9829729756631961
7bc51cbe,U15II Power Type Heavy Lift Drone Motor KV80,"Xoar PJP-T-L 40""x10"" propeller",LiPo 4000mAh 12S 44.4v Battery Pack,3,9503.470588235294,11.16968758507318,0.889445008055467
402aab84,U15II Power Type Heavy Lift Drone Motor KV80,"Xoar PJP-T-L 40""x10"" propeller",LiPo 4000mAh 12S 44.4v Battery Pack,4,8372.470588235294,14.892916780097574,0.81994913573462
1296d7c7,U15II Power Type Heavy Lift Drone Motor KV80,"Xoar PJP-T-L 40""x10"" propeller",LiPo 4000mAh 12S 44.4v Battery Pack,5,7241.470588235294,18.616145975121967,0.7693163634988555
02a2061b,U7 V2.0 Power Type UAV Motor KV490,P16*5.4 Prop-2PCS/PAIR,Turnigy High Capacity 10000mAh 6S 12C Lipo Pack w/XT90,1,8554.025404705884,5.535496833458521,3.444149113122644
130f3dc9,U7 V2.0 Power Type UAV Motor KV490,P16*5.4 Prop-2PCS/PAIR,Turnigy High Capacity 10000mAh 6S 12C Lipo Pack w/XT90,2,7234.025404705884,11.070993666917042,2.052808246214944
0109ada8,U7 V2.0 Power Type UAV Motor KV490,P16*5.4 Prop-2PCS/PAIR,Turnigy High Capacity 10000mAh 6S 12C Lipo Pack w/XT90,3,5914.025404705884,16.606490500375564,1.4158398271709778
e94da4d4,U7 V2.0 Power Type UAV Motor KV490,P16*5.4 Prop-2PCS/PAIR,Turnigy High Capacity 10000mAh 6S 12C Lipo Pack w/XT90,4,4594.025404705884,22.141987333834084,1.074503853911447
0b6b46cb,U7 V2.0 Power Type UAV Motor KV490,P16*5.4 Prop-2PCS/PAIR,Turnigy High Capacity 10000mAh 6S 12C Lipo Pack w/XT90,5,3274.0254047058843,27.6774841672926,0.8793232471071432
e84c82de,U7 V2.0 Power Type UAV Motor KV490,P16*5.4 Prop-2PCS/PAIR,Turnigy High Capacity 16000mAh 6S 12C Lipo Pack w/XT90,1,7859.025404705884,8.856794933533633,2.5680091234551727
738ef6c1,U7 V2.0 Power Type UAV Motor KV490,P16*5.4 Prop-2PCS/PAIR,Turnigy High Capacity 16000mAh 6S 12C Lipo Pack w/XT90,2,5844.025404705884,17.713589867067267,1.4058356586939724
d9186e26,U7 V2.0 Power Type UAV Motor KV490,P16*5.4 Prop-2PCS/PAIR,Turnigy High Capacity 16000mAh 6S 12C Lipo Pack w/XT90,3,3829.0254047058843,26.570384800600895,0.9690216079802249
c1cebd15,U7 V2.0 Power Type UAV Motor KV490,P16*5.4 Prop-2PCS/PAIR,Turnigy High Capacity 16000mAh 6S 12C Lipo Pack w/XT90,4,1814.0254047058843,35.42717973413453,0.7856774256922283
69ba86c9,U7 V2.0 Power Type UAV Motor KV490,P16*5.4 Prop-2PCS/PAIR,Turnigy High Capacity 16000mAh 6S 12C Lipo Pack w/XT90,5,-200.97459529411572,44.28397466766817,0.7202918927061068
683a7d9a,U7 V2.0 Power Type UAV Motor KV490,P16*5.4 Prop-2PCS/PAIR,Turnigy Heavy Duty 5000mAh 6S 60C LiPo Pack w/XT90,1,9124.025404705884,2.7677484167292605,4.649572835892284
2545deff,U7 V2.0 Power Type UAV Motor KV490,P16*5.4 Prop-2PCS/PAIR,Turnigy Heavy Duty 5000mAh 6S 60C LiPo Pack w/XT90,2,8374.025404705884,5.535496833458521,3.157421313026853
f190ce0b,U7 V2.0 Power Type UAV Motor KV490,P16*5.4 Prop-2PCS/PAIR,Turnigy Heavy Duty 5000mAh 6S 60C LiPo Pack w/XT90,3,7624.025404705884,8.303245250187782,2.327940954640565
dae1546b,U7 V2.0 Power Type UAV Motor KV490,P16*5.4 Prop-2PCS/PAIR,Turnigy Heavy Duty 5000mAh 6S 60C LiPo Pack w/XT90,4,6874.025404705884,11.070993666917042,1.8088136794295289
48035b50,U7 V2.0 Power Type UAV Motor KV490,P16*5.4 Prop-2PCS/PAIR,Turnigy Heavy Duty 5000mAh 6S 60C LiPo Pack w/XT90,5,6124.025404705884,13.8387420836463,1.4598760114514884
c35b8d70,U7 V2.0 Power Type UAV Motor KV490,P16*5.4 Prop-2PCS/PAIR,Turnigy High Capacity 20000mAh 6S 12C Lipo Pack w/XT90,1,7244.025404705884,11.070993666917042,2.060235205523851
e2528f39,U7 V2.0 Power Type UAV Motor KV490,P16*5.4 Prop-2PCS/PAIR,Turnigy High Capacity 20000mAh 6S 12C Lipo Pack w/XT90,2,4614.025404705884,22.141987333834084,1.079757922708985
603d41f8,U7 V2.0 Power Type UAV Motor KV490,P16*5.4 Prop-2PCS/PAIR,Turnigy High Capacity 20000mAh 6S 12C Lipo Pack w/XT90,3,1984.0254047058843,33.21298100075113,0.7710486314609457
80711379,U7 V2.0 Power Type UAV Motor KV490,P16*5.4 Prop-2PCS/PAIR,Turnigy High Capacity 20000mAh 6S 12C Lipo Pack w/XT90,4,-645.9745952941157,44.28397466766817,0.6830990392795402
e368f3ed,U7 V2.0 Power Type UAV Motor KV490,P16*5.4 Prop-2PCS/PAIR,Turnigy High Capacity 20000mAh 6S 12C Lipo Pack w/XT90,5,-3275.9745952941157,55.3549683345852,0.6947998410864941
2ecd8f7f,U7 V2.0 Power Type UAV Motor KV490,P16*5.4 Prop-2PCS/PAIR,Turnigy High Capacity 14000mAh 6S 12C Lipo Pack w/XT90,1,8054.025404705884,7.749695566841928,2.7680952116227315
d422fdd5,U7 V2.0 Power Type UAV Motor KV490,P16*5.4 Prop-2PCS/PAIR,Turnigy High Capacity 14000mAh 6S 12C Lipo Pack w/XT90,2,6234.025404705884,15.499391133683856,1.5378850502383032
090148d3,U7 V2.0 Power Type UAV Motor KV490,P16*5.4 Prop-2PCS/PAIR,Turnigy High Capacity 14000mAh 6S 12C Lipo Pack w/XT90,3,4414.025404705884,23.249086700525787,1.047082119152898
2635578c,U7 V2.0 Power Type UAV Motor KV490,P16*5.4 Prop-2PCS/PAIR,Turnigy High Capacity 14000mAh 6S 12C Lipo Pack w/XT90,4,2594.0254047058843,30.998782267367712,0.8213955962997084
fcb88836,U7 V2.0 Power Type UAV Motor KV490,P16*5.4 Prop-2PCS/PAIR,Turnigy High Capacity 14000mAh 6S 12C Lipo Pack w/XT90,5,774.0254047058843,38.748477834209645,0.7207233147267503
a1ac3b08,U7 V2.0 Power Type UAV Motor KV490,P16*5.4 Prop-2PCS/PAIR,Turnigy Graphene Professional 12000mAh 6S 15C LiPo Pack w/ XT90,1,8264.025404705884,6.642596200150224,3.0185302761152943
dc5b8066,U7 V2.0 Power Type UAV Motor KV490,P16*5.4 Prop-2PCS/PAIR,Turnigy Graphene Professional 12000mAh 6S 15C LiPo Pack w/ XT90,2,6654.025404705884,13.285192400300447,1.7160347441168413
e697f0c2,U7 V2.0 Power Type UAV Motor KV490,P16*5.4 Prop-2PCS/PAIR,Turnigy Graphene Professional 12000mAh 6S 15C LiPo Pack w/ XT90,3,5044.025404705884,19.927788600450672,1.1642026250365254
4444ef51,U7 V2.0 Power Type UAV Motor KV490,P16*5.4 Prop-2PCS/PAIR,Turnigy Graphene Professional 12000mAh 6S 15C LiPo Pack w/ XT90,4,3434.0254047058843,26.570384800600895,0.8904447264350085
9ffc95cf,U7 V2.0 Power Type UAV Motor KV490,P16*5.4 Prop-2PCS/PAIR,Turnigy Graphene Professional 12000mAh 6S 15C LiPo Pack w/ XT90,5,1824.0254047058843,33.21298100075113,0.7500617933120107
f33eefbf,U7 V2.0 Power Type UAV Motor KV490,P16*5.4 Prop-2PCS/PAIR,Turnigy High Capacity 12000mAh 6S 12C Lipo Pack w/XT90,1,8224.025404705884,6.642596200150224,2.9642926586351264
4c33637a,U7 V2.0 Power Type UAV Motor KV490,P16*5.4 Prop-2PCS/PAIR,Turnigy High Capacity 12000mAh 6S 12C Lipo Pack w/XT90,2,6574.025404705884,13.285192400300447,1.6719991771128078
b2169291,U7 V2.0 Power Type UAV Motor KV490,P16*5.4 Prop-2PCS/PAIR,Turnigy High Capacity 12000mAh 6S 12C Lipo Pack w/XT90,3,4924.025404705884,19.927788600450672,1.1286399045895048
2f1cb319,U7 V2.0 Power Type UAV Motor KV490,P16*5.4 Prop-2PCS/PAIR,Turnigy High Capacity 12000mAh 6S 12C Lipo Pack w/XT90,4,3274.0254047058843,26.570384800600895,0.8608715909956147
cbd4e8c3,U7 V2.0 Power Type UAV Motor KV490,P16*5.4 Prop-2PCS/PAIR,Turnigy High Capacity 12000mAh 6S 12C Lipo Pack w/XT90,5,1624.0254047058843,33.21298100075113,0.7248242461707713
8f2af7e3,U7 V2.0 Power Type UAV Motor KV490,P16*5.4 Prop-2PCS/PAIR,Turnigy Graphene Panther 6000mAh 6S 75C Battery Pack w/XT90,1,8924.025404705884,3.321298100075112,4.145192459033891
0fa994ef,U7 V2.0 Power Type UAV Motor KV490,P16*5.4 Prop-2PCS/PAIR,Turnigy Graphene Panther 6000mAh 6S 75C Battery Pack w/XT90,2,7974.025404705884,6.642596200150224,2.6566950594999126
bc7f3e72,U7 V2.0 Power Type UAV Motor KV490,P16*5.4 Prop-2PCS/PAIR,Turnigy Graphene Panther 6000mAh 6S 75C Battery Pack w/XT90,3,7024.025404705884,9.963894300225336,1.8867962633344475
8c6b5e47,U7 V2.0 Power Type UAV Motor KV490,P16*5.4 Prop-2PCS/PAIR,Turnigy Graphene Panther 6000mAh 6S 75C Battery Pack w/XT90,4,6074.025404705884,13.285192400300447,1.4284996437488902
adb71404,U7 V2.0 Power Type UAV Motor KV490,P16*5.4 Prop-2PCS/PAIR,Turnigy Graphene Panther 6000mAh 6S 75C Battery Pack w/XT90,5,5124.025404705884,16.606490500375564,1.1333487976585301
0548b55b,U7 V2.0 Power Type UAV Motor KV490,P16*5.4 Prop-2PCS/PAIR,Turnigy Graphene Professional 8000mAh 6S 15C LiPo Pack w/XT90,1,8764.025404705884,4.428397466766817,3.815918240460582
ae5974cd,U7 V2.0 Power Type UAV Motor KV490,P16*5.4 Prop-2PCS/PAIR,Turnigy Graphene Professional 8000mAh 6S 15C LiPo Pack w/XT90,2,7654.025404705884,8.856794933533633,2.364885961727072
9a31e702,U7 V2.0 Power Type UAV Motor KV490,P16*5.4 Prop-2PCS/PAIR,Turnigy Graphene Professional 8000mAh 6S 15C LiPo Pack w/XT90,3,6544.025404705884,13.285192400300447,1.6558840129056105
d563a4ff,U7 V2.0 Power Type UAV Motor KV490,P16*5.4 Prop-2PCS/PAIR,Turnigy Graphene Professional 8000mAh 6S 15C LiPo Pack w/XT90,4,5434.025404705884,17.713589867067267,1.2532704689949417
8c2aa17d,U7 V2.0 Power Type UAV Motor KV490,P16*5.4 Prop-2PCS/PAIR,Turnigy Graphene Professional 8000mAh 6S 15C LiPo Pack w/XT90,5,4324.025404705884,22.141987333834084,1.0066069064691237
4b022a3e,U7 V2.0 Power Type UAV Motor KV490,P16*5.4 Prop-2PCS/PAIR,Turnigy Nano-Tech Plus 6000mAh 6S 70C LiPo Pack w/XT90,1,8840.025404705884,3.321298100075112,3.9565135758835193
6529d4f9,U7 V2.0 Power Type UAV Motor KV490,P16*5.4 Prop-2PCS/PAIR,Turnigy Nano-Tech Plus 6000mAh 6S 70C LiPo Pack w/XT90,2,7806.025404705884,6.642596200150224,2.4761721805194385
65652c77,U7 V2.0 Power Type UAV Motor KV490,P16*5.4 Prop-2PCS/PAIR,Turnigy Nano-Tech Plus 6000mAh 6S 70C LiPo Pack w/XT90,3,6772.025404705884,9.963894300225336,1.7285996084430457
2af7e32d,U7 V2.0 Power Type UAV Motor KV490,P16*5.4 Prop-2PCS/PAIR,Turnigy Nano-Tech Plus 6000mAh 6S 70C LiPo Pack w/XT90,4,5738.025404705884,13.285192400300447,1.2903515806233417
26eb5f2c,U7 V2.0 Power Type UAV Motor KV490,P16*5.4 Prop-2PCS/PAIR,Turnigy Nano-Tech Plus 6000mAh 6S 70C LiPo Pack w/XT90,5,4704.025404705884,16.606490500375564,1.011549194173064
5a80772d,KDE6815XF-205,"18.5""x6.3 DUAL-EDN (KDE)",Turnigy High Capacity 10000mAh 6S 12C Lipo Pack w/XT90,1,1616.6588235294107,15.443282408542519,0.6625250749081659
09611121,KDE6815XF-205,"18.5""x6.3 DUAL-EDN (KDE)",Turnigy High Capacity 10000mAh 6S 12C Lipo Pack w/XT90,2,296.65882352941117,30.886564817085038,0.5706398237936033
a20abaaa,KDE6815XF-205,"18.5""x6.3 DUAL-EDN (KDE)",Turnigy High Capacity 10000mAh 6S 12C Lipo Pack w/XT90,3,-1023.3411764705888,46.32984722562755,0.6178233300569237
cc73088f,KDE6815XF-205,"18.5""x6.3 DUAL-EDN (KDE)",Turnigy High Capacity 10000mAh 6S 12C Lipo Pack w/XT90,4,-2343.341176470589,61.773129634170076,0.7348070940985578
c0e4751d,KDE6815XF-205,"18.5""x6.3 DUAL-EDN (KDE)",Turnigy High Capacity 10000mAh 6S 12C Lipo Pack w/XT90,5,-3663.341176470589,77.21641204271258,0.891774816643164
9851de71,KDE6815XF-205,"18.5""x6.3 DUAL-EDN (KDE)",Turnigy High Capacity 16000mAh 6S 12C Lipo Pack w/XT90,1,921.6588235294112,24.70925185366803,0.6085295387335867
28b66abe,KDE6815XF-205,"18.5""x6.3 DUAL-EDN (KDE)",Turnigy High Capacity 16000mAh 6S 12C Lipo Pack w/XT90,2,-1093.3411764705888,49.41850370733606,0.6604662200575069
dc867607,KDE6815XF-205,"18.5""x6.3 DUAL-EDN (KDE)",Turnigy High Capacity 16000mAh 6S 12C Lipo Pack w/XT90,3,-3108.341176470589,74.12775556100408,0.8788133079149927
39c085a0,KDE6815XF-205,"18.5""x6.3 DUAL-EDN (KDE)",Turnigy High Capacity 16000mAh 6S 12C Lipo Pack w/XT90,4,-5123.341176470589,98.83700741467212,1.1698230475629399
e2f6b4dc,KDE6815XF-205,"18.5""x6.3 DUAL-EDN (KDE)",Turnigy High Capacity 16000mAh 6S 12C Lipo Pack w/XT90,5,-7138.341176470589,123.54625926834015,1.4990323597670103
e1617e7c,KDE6815XF-205,"18.5""x6.3 DUAL-EDN (KDE)",Turnigy Heavy Duty 5000mAh 6S 60C LiPo Pack w/XT90,1,2186.6588235294107,7.721641204271259,0.7679931732490063
8dec1b31,KDE6815XF-205,"18.5""x6.3 DUAL-EDN (KDE)",Turnigy Heavy Duty 5000mAh 6S 60C LiPo Pack w/XT90,2,1436.6588235294112,15.443282408542519,0.6018774952376686
46caeac9,KDE6815XF-205,"18.5""x6.3 DUAL-EDN (KDE)",Turnigy Heavy Duty 5000mAh 6S 60C LiPo Pack w/XT90,3,686.6588235294112,23.164923612813777,0.5256355159345228
23937c81,KDE6815XF-205,"18.5""x6.3 DUAL-EDN (KDE)",Turnigy Heavy Duty 5000mAh 6S 60C LiPo Pack w/XT90,4,-63.341176470588834,30.886564817085038,0.5036055849986
b9b2d3d5,KDE6815XF-205,"18.5""x6.3 DUAL-EDN (KDE)",Turnigy Heavy Duty 5000mAh 6S 60C LiPo Pack w/XT90,5,-813.3411764705888,38.60820602135629,0.5167893364673036
b0064c8d,KDE6815XF-205,"18.5""x6.3 DUAL-EDN (KDE)",Turnigy High Capacity 20000mAh 6S 12C Lipo Pack w/XT90,1,306.65882352941117,30.886564817085038,0.5726318691930238
48f96030,KDE6815XF-205,"18.5""x6.3 DUAL-EDN (KDE)",Turnigy High Capacity 20000mAh 6S 12C Lipo Pack w/XT90,2,-2323.341176470589,61.773129634170076,0.7365857053502703
52501741,KDE6815XF-205,"18.5""x6.3 DUAL-EDN (KDE)",Turnigy High Capacity 20000mAh 6S 12C Lipo Pack w/XT90,3,-4953.341176470589,92.6596944512551,1.0752796085609118
36c113f2,KDE6815XF-205,"18.5""x6.3 DUAL-EDN (KDE)",Turnigy High Capacity 20000mAh 6S 12C Lipo Pack w/XT90,4,-7583.341176470589,123.54625926834015,1.4841906584395703
ef3593a0,KDE6815XF-205,"18.5""x6.3 DUAL-EDN (KDE)",Turnigy High Capacity 20000mAh 6S 12C Lipo Pack w/XT90,5,-10213.341176470589,154.43282408542515,1.9282999371832408
0afb551e,KDE6815XF-205,"18.5""x6.3 DUAL-EDN (KDE)",Turnigy High Capacity 14000mAh 6S 12C Lipo Pack w/XT90,1,1116.6588235294112,21.620595371959524,0.6090201721821802
d032cf35,KDE6815XF-205,"18.5""x6.3 DUAL-EDN (KDE)",Turnigy High Capacity 14000mAh 6S 12C Lipo Pack w/XT90,2,-703.3411764705888,43.24119074391905,0.6092290490887832
aaa74328,KDE6815XF-205,"18.5""x6.3 DUAL-EDN (KDE)",Turnigy High Capacity 14000mAh 6S 12C Lipo Pack w/XT90,3,-2523.341176470589,64.86178611587857,0.7706709699570005
f3aad6b4,KDE6815XF-205,"18.5""x6.3 DUAL-EDN (KDE)",Turnigy High Capacity 14000mAh 6S 12C Lipo Pack w/XT90,4,-4343.341176470589,86.4823814878381,1.0048738713491399
f11c7a36,KDE6815XF-205,"18.5""x6.3 DUAL-EDN (KDE)",Turnigy High Capacity 14000mAh 6S 12C Lipo Pack w/XT90,5,-6163.341176470589,108.10297685979762,1.2780857181890257
4a4ce6e5,KDE6815XF-205,"18.5""x6.3 DUAL-EDN (KDE)",Turnigy Graphene Professional 12000mAh 6S 15C LiPo Pack w/ XT90,1,1326.6588235294112,18.53193889025102,0.6188036968413977
d3bc6c94,KDE6815XF-205,"18.5""x6.3 DUAL-EDN (KDE)",Turnigy Graphene Professional 12000mAh 6S 15C LiPo Pack w/ XT90,2,-283.34117647058883,37.06387778050204,0.5696291001460961
40a704b5,KDE6815XF-205,"18.5""x6.3 DUAL-EDN (KDE)",Turnigy Graphene Professional 12000mAh 6S 15C LiPo Pack w/ XT90,3,-1893.3411764705888,55.59581667075305,0.6741649173579207
db2a4e99,KDE6815XF-205,"18.5""x6.3 DUAL-EDN (KDE)",Turnigy Graphene Professional 12000mAh 6S 15C LiPo Pack w/ XT90,4,-3503.341176470589,74.12775556100408,0.8509195236117262
30f141cf,KDE6815XF-205,"18.5""x6.3 DUAL-EDN (KDE)",Turnigy Graphene Professional 12000mAh 6S 15C LiPo Pack w/ XT90,5,-5113.341176470589,92.6596944512551,1.0673552569664688
adcf4fc5,KDE6815XF-205,"18.5""x6.3 DUAL-EDN (KDE)",Turnigy High Capacity 12000mAh 6S 12C Lipo Pack w/XT90,1,1286.6588235294112,18.53193889025102,0.6066757637919529
52a0a587,KDE6815XF-205,"18.5""x6.3 DUAL-EDN (KDE)",Turnigy High Capacity 12000mAh 6S 12C Lipo Pack w/XT90,2,-363.34117647058883,37.06387778050204,0.5568742052807016
fe81860b,KDE6815XF-205,"18.5""x6.3 DUAL-EDN (KDE)",Turnigy High Capacity 12000mAh 6S 12C Lipo Pack w/XT90,3,-2013.3411764705888,55.59581667075305,0.6623928113344253
2f6cbf1d,KDE6815XF-205,"18.5""x6.3 DUAL-EDN (KDE)",Turnigy High Capacity 12000mAh 6S 12C Lipo Pack w/XT90,4,-3663.341176470589,74.12775556100408,0.8402972086146892
29787d87,KDE6815XF-205,"18.5""x6.3 DUAL-EDN (KDE)",Turnigy High Capacity 12000mAh 6S 12C Lipo Pack w/XT90,5,-5313.341176470589,92.6596944512551,1.0577763584625273
fe0ddbb1,KDE6815XF-205,"18.5""x6.3 DUAL-EDN (KDE)",Turnigy Graphene Panther 6000mAh 6S 75C Battery Pack w/XT90,1,1986.6588235294107,9.26596944512551,0.7031729697956811
c38f239b,KDE6815XF-205,"18.5""x6.3 DUAL-EDN (KDE)",Turnigy Graphene Panther 6000mAh 6S 75C Battery Pack w/XT90,2,1036.6588235294112,18.53193889025102,0.5356858003521499
70cabe46,KDE6815XF-205,"18.5""x6.3 DUAL-EDN (KDE)",Turnigy Graphene Panther 6000mAh 6S 75C Battery Pack w/XT90,3,86.65882352941117,27.797908335376526,0.47899639695908885
f6be13a3,KDE6815XF-205,"18.5""x6.3 DUAL-EDN (KDE)",Turnigy Graphene Panther 6000mAh 6S 75C Battery Pack w/XT90,4,-863.3411764705888,37.06387778050204,0.4843019602155587
a50c02ef,KDE6815XF-205,"18.5""x6.3 DUAL-EDN (KDE)",Turnigy Graphene Panther 6000mAh 6S 75C Battery Pack w/XT90,5,-1813.3411764705888,46.32984722562755,0.5277916908450833
0056519c,KDE6815XF-205,"18.5""x6.3 DUAL-EDN (KDE)",Turnigy Graphene Professional 8000mAh 6S 15C LiPo Pack w/XT90,1,1826.6588235294107,12.354625926834014,0.6891023756990792
b5efa036,KDE6815XF-205,"18.5""x6.3 DUAL-EDN (KDE)",Turnigy Graphene Professional 8000mAh 6S 15C LiPo Pack w/XT90,2,716.6588235294112,24.70925185366803,0.5583648736195499
4bc0be1d,KDE6815XF-205,"18.5""x6.3 DUAL-EDN (KDE)",Turnigy Graphene Professional 8000mAh 6S 15C LiPo Pack w/XT90,3,-393.34117647058883,37.06387778050204,0.5521788037627744
3040c62c,KDE6815XF-205,"18.5""x6.3 DUAL-EDN (KDE)",Turnigy Graphene Professional 8000mAh 6S 15C LiPo Pack w/XT90,4,-1503.3411764705888,49.41850370733606,0.6122132326648453
8ef71972,KDE6815XF-205,"18.5""x6.3 DUAL-EDN (KDE)",Turnigy Graphene Professional 8000mAh 6S 15C LiPo Pack w/XT90,5,-2613.341176470589,61.773129634170076,0.7116429132736777
61e8b621,KDE6815XF-205,"18.5""x6.3 DUAL-EDN (KDE)",Turnigy Nano-Tech Plus 6000mAh 6S 70C LiPo Pack w/XT90,1,1902.6588235294107,9.26596944512551,0.6680541456299156
f400cb76,KDE6815XF-205,"18.5""x6.3 DUAL-EDN (KDE)",Turnigy Nano-Tech Plus 6000mAh 6S 70C LiPo Pack w/XT90,2,868.6588235294112,18.53193889025102,0.4921888846070759
eedd357b,KDE6815XF-205,"18.5""x6.3 DUAL-EDN (KDE)",Turnigy Nano-Tech Plus 6000mAh 6S 70C LiPo Pack w/XT90,3,-165.34117647058883,27.797908335376526,0.43465506977713525
89f5ada1,KDE6815XF-205,"18.5""x6.3 DUAL-EDN (KDE)",Turnigy Nano-Tech Plus 6000mAh 6S 70C LiPo Pack w/XT90,4,-1199.3411764705888,37.06387778050204,0.4415234366110664
c36e013a,KDE6815XF-205,"18.5""x6.3 DUAL-EDN (KDE)",Turnigy Nano-Tech Plus 6000mAh 6S 70C LiPo Pack w/XT90,5,-2233.341176470589,46.32984722562755,0.4873137076330607
f9e6c057,KDE6815XF-205,"21.5""x7.3 DUAL-EDN (KDE)",Turnigy High Capacity 10000mAh 6S 12C Lipo Pack w/XT90,1,5930.070588235294,8.930401832149801,1.6143576729427334
1de5dc34,KDE6815XF-205,"21.5""x7.3 DUAL-EDN (KDE)",Turnigy High Capacity 10000mAh 6S 12C Lipo Pack w/XT90,2,4610.070588235294,17.860803664299603,1.1567421116521786
8ce81902,KDE6815XF-205,"21.5""x7.3 DUAL-EDN (KDE)",Turnigy High Capacity 10000mAh 6S 12C Lipo Pack w/XT90,3,3290.070588235294,26.791205496449404,0.938574199682881
0d4ae356,KDE6815XF-205,"21.5""x7.3 DUAL-EDN (KDE)",Turnigy High Capacity 10000mAh 6S 12C Lipo Pack w/XT90,4,1970.070588235294,35.721607328599205,0.8414220960935717
4c7bec3f,KDE6815XF-205,"21.5""x7.3 DUAL-EDN (KDE)",Turnigy High Capacity 10000mAh 6S 12C Lipo Pack w/XT90,5,650.070588235294,44.652009160748996,0.8139023516235759
5162cc42,KDE6815XF-205,"21.5""x7.3 DUAL-EDN (KDE)",Turnigy High Capacity 16000mAh 6S 12C Lipo Pack w/XT90,1,5235.070588235294,14.288642931439682,1.3422632094924347
1d7bd63b,KDE6815XF-205,"21.5""x7.3 DUAL-EDN (KDE)",Turnigy High Capacity 16000mAh 6S 12C Lipo Pack w/XT90,2,3220.070588235294,28.577285862879364,0.9528837090217566
8897c2d0,KDE6815XF-205,"21.5""x7.3 DUAL-EDN (KDE)",Turnigy High Capacity 16000mAh 6S 12C Lipo Pack w/XT90,3,1205.070588235294,42.865928794319046,0.8518184917660573
e5c528ae,KDE6815XF-205,"21.5""x7.3 DUAL-EDN (KDE)",Turnigy High Capacity 16000mAh 6S 12C Lipo Pack w/XT90,4,-809.929411764706,57.15457172575873,0.8774881760934163
9e7ff02c,KDE6815XF-205,"21.5""x7.3 DUAL-EDN (KDE)",Turnigy High Capacity 16000mAh 6S 12C Lipo Pack w/XT90,5,-2824.929411764706,71.44321465719841,0.9700467701537558
baa9eeba,KDE6815XF-205,"21.5""x7.3 DUAL-EDN (KDE)",Turnigy Heavy Duty 5000mAh 6S 60C LiPo Pack w/XT90,1,6500.070588235294,4.465200916074901,1.944190636668011
a02dd715,KDE6815XF-205,"21.5""x7.3 DUAL-EDN (KDE)",Turnigy Heavy Duty 5000mAh 6S 60C LiPo Pack w/XT90,2,5750.070588235294,8.930401832149801,1.5093526626187597
5bbe26e6,KDE6815XF-205,"21.5""x7.3 DUAL-EDN (KDE)",Turnigy Heavy Duty 5000mAh 6S 60C LiPo Pack w/XT90,3,5000.070588235294,13.395602748224702,1.228016614454837
15e913c4,KDE6815XF-205,"21.5""x7.3 DUAL-EDN (KDE)",Turnigy Heavy Duty 5000mAh 6S 60C LiPo Pack w/XT90,4,4250.070588235294,17.860803664299603,1.0398689735184494
e2cb6862,KDE6815XF-205,"21.5""x7.3 DUAL-EDN (KDE)",Turnigy Heavy Duty 5000mAh 6S 60C LiPo Pack w/XT90,5,3500.070588235294,22.326004580374498,0.9125346678155947
b691f22c,KDE6815XF-205,"21.5""x7.3 DUAL-EDN (KDE)",Turnigy High Capacity 20000mAh 6S 12C Lipo Pack w/XT90,1,4620.070588235294,17.860803664299603,1.1602128420878826
eb1380a3,KDE6815XF-205,"21.5""x7.3 DUAL-EDN (KDE)",Turnigy High Capacity 20000mAh 6S 12C Lipo Pack w/XT90,2,1990.070588235294,35.721607328599205,0.8445425558099652
82dba33b,KDE6815XF-205,"21.5""x7.3 DUAL-EDN (KDE)",Turnigy High Capacity 20000mAh 6S 12C Lipo Pack w/XT90,3,-639.929411764706,53.58241099289881,0.8327627434270383
fa6590fe,KDE6815XF-205,"21.5""x7.3 DUAL-EDN (KDE)",Turnigy High Capacity 20000mAh 6S 12C Lipo Pack w/XT90,4,-3269.929411764706,71.44321465719841,0.9438660490513533
62f411e4,KDE6815XF-205,"21.5""x7.3 DUAL-EDN (KDE)",Turnigy High Capacity 20000mAh 6S 12C Lipo Pack w/XT90,5,-5899.929411764706,89.30401832149799,1.116783981017473
8e9df9f4,KDE6815XF-205,"21.5""x7.3 DUAL-EDN (KDE)",Turnigy High Capacity 14000mAh 6S 12C Lipo Pack w/XT90,1,5430.070588235294,12.502562565009722,1.4027431438049074
b1ba6061,KDE6815XF-205,"21.5""x7.3 DUAL-EDN (KDE)",Turnigy High Capacity 14000mAh 6S 12C Lipo Pack w/XT90,2,3610.070588235294,25.005125130019444,0.9838026302721408
f680faf3,KDE6815XF-205,"21.5""x7.3 DUAL-EDN (KDE)",Turnigy High Capacity 14000mAh 6S 12C Lipo Pack w/XT90,3,1790.070588235294,37.50768769502916,0.8437920816653319
2c6533fc,KDE6815XF-205,"21.5""x7.3 DUAL-EDN (KDE)",Turnigy High Capacity 14000mAh 6S 12C Lipo Pack w/XT90,4,-29.929411764705947,50.01025026003889,0.8305131440814059
171df15d,KDE6815XF-205,"21.5""x7.3 DUAL-EDN (KDE)",Turnigy High Capacity 14000mAh 6S 12C Lipo Pack w/XT90,5,-1849.929411764706,62.512812825048606,0.8854564997072545
359b734d,KDE6815XF-205,"21.5""x7.3 DUAL-EDN (KDE)",Turnigy Graphene Professional 12000mAh 6S 15C LiPo Pack w/ XT90,1,5640.070588235294,10.716482198579762,1.4792423388834015
18cbd4d7,KDE6815XF-205,"21.5""x7.3 DUAL-EDN (KDE)",Turnigy Graphene Professional 12000mAh 6S 15C LiPo Pack w/ XT90,2,4030.070588235294,21.432964397159523,1.0349489180719624
db68771e,KDE6815XF-205,"21.5""x7.3 DUAL-EDN (KDE)",Turnigy Graphene Professional 12000mAh 6S 15C LiPo Pack w/ XT90,3,2420.070588235294,32.14944659573928,0.8560917755151526
b8a0b272,KDE6815XF-205,"21.5""x7.3 DUAL-EDN (KDE)",Turnigy Graphene Professional 12000mAh 6S 15C LiPo Pack w/ XT90,4,810.070588235294,42.865928794319046,0.8028060543476969
8a0472a2,KDE6815XF-205,"21.5""x7.3 DUAL-EDN (KDE)",Turnigy Graphene Professional 12000mAh 6S 15C LiPo Pack w/ XT90,5,-799.929411764706,53.58241099289881,0.818810439352029
0507e045,KDE6815XF-205,"21.5""x7.3 DUAL-EDN (KDE)",Turnigy High Capacity 12000mAh 6S 12C Lipo Pack w/XT90,1,5600.070588235294,10.716482198579762,1.4582146969654746
903f3761,KDE6815XF-205,"21.5""x7.3 DUAL-EDN (KDE)",Turnigy High Capacity 12000mAh 6S 12C Lipo Pack w/XT90,2,3950.070588235294,21.432964397159523,1.0126771426201375
5bb7bee7,KDE6815XF-205,"21.5""x7.3 DUAL-EDN (KDE)",Turnigy High Capacity 12000mAh 6S 12C Lipo Pack w/XT90,3,2300.070588235294,32.14944659573928,0.8354529187762725
4e5c4f35,KDE6815XF-205,"21.5""x7.3 DUAL-EDN (KDE)",Turnigy High Capacity 12000mAh 6S 12C Lipo Pack w/XT90,4,650.070588235294,42.865928794319046,0.78413434551641
e3dd3d18,KDE6815XF-205,"21.5""x7.3 DUAL-EDN (KDE)",Turnigy High Capacity 12000mAh 6S 12C Lipo Pack w/XT90,5,-999.929411764706,53.58241099289881,0.8019420625411066
9c2cd81c,KDE6815XF-205,"21.5""x7.3 DUAL-EDN (KDE)",Turnigy Graphene Panther 6000mAh 6S 75C Battery Pack w/XT90,1,6300.070588235294,5.358241099289881,1.8029561204418585
6909e324,KDE6815XF-205,"21.5""x7.3 DUAL-EDN (KDE)",Turnigy Graphene Panther 6000mAh 6S 75C Battery Pack w/XT90,2,5350.070588235294,10.716482198579762,1.335030003666015
5cf80a68,KDE6815XF-205,"21.5""x7.3 DUAL-EDN (KDE)",Turnigy Graphene Panther 6000mAh 6S 75C Battery Pack w/XT90,3,4400.070588235294,16.07472329786964,1.056964237059626
3bcf8592,KDE6815XF-205,"21.5""x7.3 DUAL-EDN (KDE)",Turnigy Graphene Panther 6000mAh 6S 75C Battery Pack w/XT90,4,3450.070588235294,21.432964397159523,0.8858491004120177
e8303c89,KDE6815XF-205,"21.5""x7.3 DUAL-EDN (KDE)",Turnigy Graphene Panther 6000mAh 6S 75C Battery Pack w/XT90,5,2500.070588235294,26.791205496449404,0.7809150662256612
c1d4c2d3,KDE6815XF-205,"21.5""x7.3 DUAL-EDN (KDE)",Turnigy Graphene Professional 8000mAh 6S 15C LiPo Pack w/XT90,1,6140.070588235294,7.144321465719841,1.719549187455276
064c9773,KDE6815XF-205,"21.5""x7.3 DUAL-EDN (KDE)",Turnigy Graphene Professional 8000mAh 6S 15C LiPo Pack w/XT90,2,5030.070588235294,14.288642931439682,1.2550595001421603
cf8c9afc,KDE6815XF-205,"21.5""x7.3 DUAL-EDN (KDE)",Turnigy Graphene Professional 8000mAh 6S 15C LiPo Pack w/XT90,3,3920.070588235294,21.432964397159523,1.0044769193719993
419b2e21,KDE6815XF-205,"21.5""x7.3 DUAL-EDN (KDE)",Turnigy Graphene Professional 8000mAh 6S 15C LiPo Pack w/XT90,4,2810.070588235294,28.577285862879364,0.868405560908909
2c9d3cf0,KDE6815XF-205,"21.5""x7.3 DUAL-EDN (KDE)",Turnigy Graphene Professional 8000mAh 6S 15C LiPo Pack w/XT90,5,1700.070588235294,35.721607328599205,0.8007719664518714
cff01618,KDE6815XF-205,"21.5""x7.3 DUAL-EDN (KDE)",Turnigy Nano-Tech Plus 6000mAh 6S 70C LiPo Pack w/XT90,1,6216.070588235294,5.358241099289881,1.742338426425767
7c2ed676,KDE6815XF-205,"21.5""x7.3 DUAL-EDN (KDE)",Turnigy Nano-Tech Plus 6000mAh 6S 70C LiPo Pack w/XT90,2,5182.070588235294,10.716482198579762,1.259467078073685
390c5ad7,KDE6815XF-205,"21.5""x7.3 DUAL-EDN (KDE)",Turnigy Nano-Tech Plus 6000mAh 6S 70C LiPo Pack w/XT90,3,4148.070588235294,16.07472329786964,0.9796117647022083
6eaddf10,KDE6815XF-205,"21.5""x7.3 DUAL-EDN (KDE)",Turnigy Nano-Tech Plus 6000mAh 6S 70C LiPo Pack w/XT90,4,3114.070588235294,21.432964397159523,0.8110034637376262
ce57c1ee,KDE6815XF-205,"21.5""x7.3 DUAL-EDN (KDE)",Turnigy Nano-Tech Plus 6000mAh 6S 70C LiPo Pack w/XT90,5,2080.070588235294,26.791205496449404,0.7099402056132768
02b799f6,KDE6815XF-205,"24.5""x8.1 DUAL-EDN (KDE)",Turnigy High Capacity 10000mAh 6S 12C Lipo Pack w/XT90,1,9116.094117647062,6.361838188102657,2.319104562873277
959e1467,KDE6815XF-205,"24.5""x8.1 DUAL-EDN (KDE)",Turnigy High Capacity 10000mAh 6S 12C Lipo Pack w/XT90,2,7796.0941176470615,12.723676376205313,1.6453775910804274
8e6756b4,KDE6815XF-205,"24.5""x8.1 DUAL-EDN (KDE)",Turnigy High Capacity 10000mAh 6S 12C Lipo Pack w/XT90,3,6476.0941176470615,19.08551456430797,1.27620738426119
3f1c4252,KDE6815XF-205,"24.5""x8.1 DUAL-EDN (KDE)",Turnigy High Capacity 10000mAh 6S 12C Lipo Pack w/XT90,4,5156.0941176470615,25.447352752410627,1.0623161934682057
abb06ba8,KDE6815XF-205,"24.5""x8.1 DUAL-EDN (KDE)",Turnigy High Capacity 10000mAh 6S 12C Lipo Pack w/XT90,5,3836.0941176470606,31.809190940513282,0.938283035696116
79222b7e,KDE6815XF-205,"24.5""x8.1 DUAL-EDN (KDE)",Turnigy High Capacity 16000mAh 6S 12C Lipo Pack w/XT90,1,8421.094117647062,10.17894110096425,1.918868850854714
73c1c90e,KDE6815XF-205,"24.5""x8.1 DUAL-EDN (KDE)",Turnigy High Capacity 16000mAh 6S 12C Lipo Pack w/XT90,2,6406.0941176470615,20.3578822019285,1.2773426272287476
735a87e7,KDE6815XF-205,"24.5""x8.1 DUAL-EDN (KDE)",Turnigy High Capacity 16000mAh 6S 12C Lipo Pack w/XT90,3,4391.094117647061,30.53682330289275,1.0054412679388143
e9d40eeb,KDE6815XF-205,"24.5""x8.1 DUAL-EDN (KDE)",Turnigy High Capacity 16000mAh 6S 12C Lipo Pack w/XT90,4,2376.0941176470606,40.715764403857,0.897405388784299
ba79fa7f,KDE6815XF-205,"24.5""x8.1 DUAL-EDN (KDE)",Turnigy High Capacity 16000mAh 6S 12C Lipo Pack w/XT90,5,361.09411764706056,50.89470550482125,0.8762929795883672
103b40fe,KDE6815XF-205,"24.5""x8.1 DUAL-EDN (KDE)",Turnigy Heavy Duty 5000mAh 6S 60C LiPo Pack w/XT90,1,9686.094117647062,3.1809190940513283,2.7821075411709244
262c40cd,KDE6815XF-205,"24.5""x8.1 DUAL-EDN (KDE)",Turnigy Heavy Duty 5000mAh 6S 60C LiPo Pack w/XT90,2,8936.094117647062,6.361838188102657,2.184578765805711
66c6a297,KDE6815XF-205,"24.5""x8.1 DUAL-EDN (KDE)",Turnigy Heavy Duty 5000mAh 6S 60C LiPo Pack w/XT90,3,8186.0941176470615,9.542757282153985,1.7803115250200547
cf6f59f7,KDE6815XF-205,"24.5""x8.1 DUAL-EDN (KDE)",Turnigy Heavy Duty 5000mAh 6S 60C LiPo Pack w/XT90,4,7436.0941176470615,12.723676376205313,1.4943233293664457
6098efd5,KDE6815XF-205,"24.5""x8.1 DUAL-EDN (KDE)",Turnigy Heavy Duty 5000mAh 6S 60C LiPo Pack w/XT90,5,6686.0941176470615,15.904595470256641,1.285979009427687
8897dfdb,KDE6815XF-205,"24.5""x8.1 DUAL-EDN (KDE)",Turnigy High Capacity 20000mAh 6S 12C Lipo Pack w/XT90,1,7806.0941176470615,12.723676376205313,1.6498594969194897
66edf22d,KDE6815XF-205,"24.5""x8.1 DUAL-EDN (KDE)",Turnigy High Capacity 20000mAh 6S 12C Lipo Pack w/XT90,2,5176.0941176470615,25.447352752410627,1.0663815936260246
2738184a,KDE6815XF-205,"24.5""x8.1 DUAL-EDN (KDE)",Turnigy High Capacity 20000mAh 6S 12C Lipo Pack w/XT90,3,2546.0941176470606,38.17102912861594,0.8743769593303289
0a9467f6,KDE6815XF-205,"24.5""x8.1 DUAL-EDN (KDE)",Turnigy High Capacity 20000mAh 6S 12C Lipo Pack w/XT90,4,-83.90588235293944,50.89470550482125,0.8419454729746517
9abc7ee8,KDE6815XF-205,"24.5""x8.1 DUAL-EDN (KDE)",Turnigy High Capacity 20000mAh 6S 12C Lipo Pack w/XT90,5,-2713.9058823529394,63.618381881026565,0.8901469910253519
82bfea78,KDE6815XF-205,"24.5""x8.1 DUAL-EDN (KDE)",Turnigy High Capacity 14000mAh 6S 12C Lipo Pack w/XT90,1,8616.094117647062,8.906573463343719,2.01372131971157
1e3a5156,KDE6815XF-205,"24.5""x8.1 DUAL-EDN (KDE)",Turnigy High Capacity 14000mAh 6S 12C Lipo Pack w/XT90,2,6796.0941176470615,17.813146926687438,1.3523110084822894
1c52f0d4,KDE6815XF-205,"24.5""x8.1 DUAL-EDN (KDE)",Turnigy High Capacity 14000mAh 6S 12C Lipo Pack w/XT90,3,4976.094117647061,26.719720390031156,1.0478197277060106
5d61f548,KDE6815XF-205,"24.5""x8.1 DUAL-EDN (KDE)",Turnigy High Capacity 14000mAh 6S 12C Lipo Pack w/XT90,4,3156.0941176470606,35.626293853374875,0.9069009909281154
65c02476,KDE6815XF-205,"24.5""x8.1 DUAL-EDN (KDE)",Turnigy High Capacity 14000mAh 6S 12C Lipo Pack w/XT90,5,1336.0941176470606,44.532867316718594,0.8544988204163887
c8d7b0c2,KDE6815XF-205,"24.5""x8.1 DUAL-EDN (KDE)",Turnigy Graphene Professional 12000mAh 6S 15C LiPo Pack w/ XT90,1,8826.094117647062,7.634205825723187,2.128981778197112
677f1303,KDE6815XF-205,"24.5""x8.1 DUAL-EDN (KDE)",Turnigy Graphene Professional 12000mAh 6S 15C LiPo Pack w/ XT90,2,7216.0941176470615,15.268411651446375,1.4533195731193782
89fde99c,KDE6815XF-205,"24.5""x8.1 DUAL-EDN (KDE)",Turnigy Graphene Professional 12000mAh 6S 15C LiPo Pack w/ XT90,3,5606.0941176470615,22.90261747716956,1.1165309956387863
82a23888,KDE6815XF-205,"24.5""x8.1 DUAL-EDN (KDE)",Turnigy Graphene Professional 12000mAh 6S 15C LiPo Pack w/ XT90,4,3996.0941176470606,30.53682330289275,0.9414622206087653
f148e855,KDE6815XF-205,"24.5""x8.1 DUAL-EDN (KDE)",Turnigy Graphene Professional 12000mAh 6S 15C LiPo Pack w/ XT90,5,2386.0941176470606,38.17102912861594,0.8561165435869368
ccd65a64,KDE6815XF-205,"24.5""x8.1 DUAL-EDN (KDE)",Turnigy High Capacity 12000mAh 6S 12C Lipo Pack w/XT90,1,8786.094117647062,7.634205825723187,2.101994948974465
fac4b465,KDE6815XF-205,"24.5""x8.1 DUAL-EDN (KDE)",Turnigy High Capacity 12000mAh 6S 12C Lipo Pack w/XT90,2,7136.0941176470615,15.268411651446375,1.4244784654908988
bf3a9e82,KDE6815XF-205,"24.5""x8.1 DUAL-EDN (KDE)",Turnigy High Capacity 12000mAh 6S 12C Lipo Pack w/XT90,3,5486.0941176470615,22.90261747716956,1.0896664825893987
847dd6c9,KDE6815XF-205,"24.5""x8.1 DUAL-EDN (KDE)",Turnigy High Capacity 12000mAh 6S 12C Lipo Pack w/XT90,4,3836.0941176470606,30.53682330289275,0.9170769084024405
063f058e,KDE6815XF-205,"24.5""x8.1 DUAL-EDN (KDE)",Turnigy High Capacity 12000mAh 6S 12C Lipo Pack w/XT90,5,2186.0941176470606,38.17102912861594,0.8340347145897846
de279350,KDE6815XF-205,"24.5""x8.1 DUAL-EDN (KDE)",Turnigy Graphene Panther 6000mAh 6S 75C Battery Pack w/XT90,1,9486.094117647062,3.8171029128615936,2.5937832484251064
29e535e9,KDE6815XF-205,"24.5""x8.1 DUAL-EDN (KDE)",Turnigy Graphene Panther 6000mAh 6S 75C Battery Pack w/XT90,2,8536.094117647062,7.634205825723187,1.943736192951503
ae974e70,KDE6815XF-205,"24.5""x8.1 DUAL-EDN (KDE)",Turnigy Graphene Panther 6000mAh 6S 75C Battery Pack w/XT90,3,7586.0941176470615,11.45130873858478,1.533716810595119
303c8b3a,KDE6815XF-205,"24.5""x8.1 DUAL-EDN (KDE)",Turnigy Graphene Panther 6000mAh 6S 75C Battery Pack w/XT90,4,6636.0941176470615,15.268411651446375,1.2600642230094774
b0db59cb,KDE6815XF-205,"24.5""x8.1 DUAL-EDN (KDE)",Turnigy Graphene Panther 6000mAh 6S 75C Battery Pack w/XT90,5,5686.0941176470615,19.08551456430797,1.071296767886437
07aa6c3d,KDE6815XF-205,"24.5""x8.1 DUAL-EDN (KDE)",Turnigy Graphene Professional 8000mAh 6S 15C LiPo Pack w/XT90,1,9326.094117647062,5.089470550482125,2.47050293894219
dd387ef3,KDE6815XF-205,"24.5""x8.1 DUAL-EDN (KDE)",Turnigy Graphene Professional 8000mAh 6S 15C LiPo Pack w/XT90,2,8216.094117647062,10.17894110096425,1.8065820191557205
79edbb61,KDE6815XF-205,"24.5""x8.1 DUAL-EDN (KDE)",Turnigy Graphene Professional 8000mAh 6S 15C LiPo Pack w/XT90,3,7106.0941176470615,15.268411651446375,1.413857153062033
ba4e7312,KDE6815XF-205,"24.5""x8.1 DUAL-EDN (KDE)",Turnigy Graphene Professional 8000mAh 6S 15C LiPo Pack w/XT90,4,5996.0941176470615,20.3578822019285,1.1675793547515023
0ba98079,KDE6815XF-205,"24.5""x8.1 DUAL-EDN (KDE)",Turnigy Graphene Professional 8000mAh 6S 15C LiPo Pack w/XT90,5,4886.094117647061,25.447352752410627,1.0093395867453376
fc9e7956,KDE6815XF-205,"24.5""x8.1 DUAL-EDN (KDE)",Turnigy Nano-Tech Plus 6000mAh 6S 70C LiPo Pack w/XT90,1,9402.094117647062,3.8171029128615936,2.5164239014592025
94654994,KDE6815XF-205,"24.5""x8.1 DUAL-EDN (KDE)",Turnigy Nano-Tech Plus 6000mAh 6S 70C LiPo Pack w/XT90,2,8368.094117647062,7.634205825723187,1.8465197432260287
959ffb62,KDE6815XF-205,"24.5""x8.1 DUAL-EDN (KDE)",Turnigy Nano-Tech Plus 6000mAh 6S 70C LiPo Pack w/XT90,3,7334.0941176470615,11.45130873858478,1.4336691695106085
6cfa42d5,KDE6815XF-205,"24.5""x8.1 DUAL-EDN (KDE)",Turnigy Nano-Tech Plus 6000mAh 6S 70C LiPo Pack w/XT90,4,6300.0941176470615,15.268411651446375,1.1628963729571236
9f6042f3,KDE6815XF-205,"24.5""x8.1 DUAL-EDN (KDE)",Turnigy Nano-Tech Plus 6000mAh 6S 70C LiPo Pack w/XT90,5,5266.0941176470615,19.08551456430797,0.9788977767001013
d4269d11,KDE6815XF-205,"18.5""x6.3 DUAL-EDN (KDE)",LiPo 12000mAh 8S2P 29.6v Battery Pack,1,5228.070588235296,12.122856097785947,1.303064910246415
3ad77c37,KDE6815XF-205,"18.5""x6.3 DUAL-EDN (KDE)",LiPo 12000mAh 8S2P 29.6v Battery Pack,2,3150.070588235296,24.245712195571894,0.8655493501356737
c72b5ed2,KDE6815XF-205,"18.5""x6.3 DUAL-EDN (KDE)",LiPo 12000mAh 8S2P 29.6v Battery Pack,3,1072.0705882352959,36.368568293357846,0.7265406518228691
ffd738ce,KDE6815XF-205,"18.5""x6.3 DUAL-EDN (KDE)",LiPo 12000mAh 8S2P 29.6v Battery Pack,4,-1005.9294117647041,48.49142439114379,0.7165957266890893
cee696fa,KDE6815XF-205,"18.5""x6.3 DUAL-EDN (KDE)",LiPo 12000mAh 8S2P 29.6v Battery Pack,5,-3083.929411764704,60.61428048892974,0.7741097569647377
3c54040d,KDE6815XF-205,"18.5""x6.3 DUAL-EDN (KDE)",LiPo 16000mAh 8S2P 29.6v Battery Pack,1,4684.070588235296,16.163808130381266,1.1544528425772416
a40726a1,KDE6815XF-205,"18.5""x6.3 DUAL-EDN (KDE)",LiPo 16000mAh 8S2P 29.6v Battery Pack,2,2062.070588235296,32.32761626076253,0.7993402772758026
f7fe0801,KDE6815XF-205,"18.5""x6.3 DUAL-EDN (KDE)",LiPo 16000mAh 8S2P 29.6v Battery Pack,3,-559.9294117647041,48.49142439114379,0.7550480228050143
db1a3181,KDE6815XF-205,"18.5""x6.3 DUAL-EDN (KDE)",LiPo 16000mAh 8S2P 29.6v Battery Pack,4,-3181.929411764704,64.65523252152506,0.835769859184188
f328c7b9,KDE6815XF-205,"18.5""x6.3 DUAL-EDN (KDE)",LiPo 16000mAh 8S2P 29.6v Battery Pack,5,-5803.929411764704,80.8190406519063,0.97919045609053
426420c3,KDE6815XF-205,"18.5""x6.3 DUAL-EDN (KDE)",LiPo 17000mAh 8S 29.6v Battery Pack,1,4788.070588235296,17.174046138530095,1.2090755540541314
a3e1180d,KDE6815XF-205,"18.5""x6.3 DUAL-EDN (KDE)",LiPo 17000mAh 8S 29.6v Battery Pack,2,2270.070588235296,34.34809227706019,0.867037729718274
298e1fbc,KDE6815XF-205,"18.5""x6.3 DUAL-EDN (KDE)",LiPo 17000mAh 8S 29.6v Battery Pack,3,-247.92941176470413,51.52213841559027,0.834453508780432
e64d3605,KDE6815XF-205,"18.5""x6.3 DUAL-EDN (KDE)",LiPo 17000mAh 8S 29.6v Battery Pack,4,-2765.929411764704,68.69618455412038,0.9278713813155831
df725b8e,KDE6815XF-205,"18.5""x6.3 DUAL-EDN (KDE)",LiPo 17000mAh 8S 29.6v Battery Pack,5,-5283.929411764704,85.87023069265047,1.0849194688608435
c97458e2,KDE6815XF-205,"18.5""x6.3 DUAL-EDN (KDE)",LiPo 31000mAh 8S 29.6v Battery Pack,1,2852.070588235296,31.3173782526137,0.9222806246070752
dc3e0a51,KDE6815XF-205,"18.5""x6.3 DUAL-EDN (KDE)",LiPo 31000mAh 8S 29.6v Battery Pack,2,-1601.9294117647041,62.6347565052274,0.9055576188049049
b91519fd,KDE6815XF-205,"18.5""x6.3 DUAL-EDN (KDE)",LiPo 31000mAh 8S 29.6v Battery Pack,3,-6055.929411764704,93.9521347578411,1.188138229029683
58413cb9,KDE6815XF-205,"18.5""x6.3 DUAL-EDN (KDE)",LiPo 31000mAh 8S 29.6v Battery Pack,4,-10509.929411764706,125.2695130104548,1.574805388478453
48e2b279,KDE6815XF-205,"18.5""x6.3 DUAL-EDN (KDE)",LiPo 31000mAh 8S 29.6v Battery Pack,5,-14963.929411764706,156.58689126306848,2.0097939742690247
689ad660,KDE6815XF-205,"18.5""x6.3 DUAL-EDN (KDE)",LiPo 81000mAh 8S3P 29.6v NMC Battery Pack,1,-2411.929411764704,81.82927866005514,1.1691287428109425
12a2da17,KDE6815XF-205,"18.5""x6.3 DUAL-EDN (KDE)",LiPo 81000mAh 8S3P 29.6v NMC Battery Pack,2,-12129.929411764706,163.65855732011028,2.1789359392418812
2e80b6f1,KDE6815XF-205,"18.5""x6.3 DUAL-EDN (KDE)",LiPo 81000mAh 8S3P 29.6v NMC Battery Pack,3,-21847.929411764708,245.4878359801654,3.404948887573316
b32c2bf6,KDE6815XF-205,"18.5""x6.3 DUAL-EDN (KDE)",LiPo 81000mAh 8S3P 29.6v NMC Battery Pack,4,-31565.929411764708,327.31711464022055,4.6954367660205865
035beb82,KDE6815XF-205,"18.5""x6.3 DUAL-EDN (KDE)",LiPo 81000mAh 8S3P 29.6v NMC Battery Pack,5,-41283.92941176471,409.1463933002757,6.013729901452053
57385004,KDE6815XF-205,"18.5""x6.3 DUAL-EDN (KDE)",LiPo 22000mAh 8S2P 29.6v Battery Pack,1,4012.070588235296,22.225236179274233,1.0430902073463133
fca6d120,KDE6815XF-205,"18.5""x6.3 DUAL-EDN (KDE)",LiPo 22000mAh 8S2P 29.6v Battery Pack,2,718.0705882352959,44.45047235854847,0.8184000269638074
0420c390,KDE6815XF-205,"18.5""x6.3 DUAL-EDN (KDE)",LiPo 22000mAh 8S2P 29.6v Battery Pack,3,-2575.929411764704,66.67570853782271,0.9060477135106746
5d9f2f0f,KDE6815XF-205,"18.5""x6.3 DUAL-EDN (KDE)",LiPo 22000mAh 8S2P 29.6v Battery Pack,4,-5869.929411764704,88.90094471709693,1.111255727546028
d8e93566,KDE6815XF-205,"18.5""x6.3 DUAL-EDN (KDE)",LiPo 22000mAh 8S2P 29.6v Battery Pack,5,-9163.929411764706,111.12618089637118,1.3733288298773108
944f385a,KDE6815XF-205,"18.5""x6.3 DUAL-EDN (KDE)",LiPo 23000mAh 8S 29.6v Battery Pack,1,3956.070588235296,23.235474187423065,1.0443688240318463
ca38047f,KDE6815XF-205,"18.5""x6.3 DUAL-EDN (KDE)",LiPo 23000mAh 8S 29.6v Battery Pack,2,606.0705882352959,46.47094837484613,0.8391950716187426
ceeed656,KDE6815XF-205,"18.5""x6.3 DUAL-EDN (KDE)",LiPo 23000mAh 8S 29.6v Battery Pack,3,-2743.929411764704,69.7064225622692,0.9460627716832894
79b99e4e,KDE6815XF-205,"18.5""x6.3 DUAL-EDN (KDE)",LiPo 23000mAh 8S 29.6v Battery Pack,4,-6093.929411764704,92.94189674969226,1.1698295134951757
10676977,KDE6815XF-205,"18.5""x6.3 DUAL-EDN (KDE)",LiPo 23000mAh 8S 29.6v Battery Pack,5,-9443.929411764706,116.17737093711534,1.450000386055619
610dfe97,KDE6815XF-205,"21.5""x7.3 DUAL-EDN (KDE)",LiPo 12000mAh 8S2P 29.6v Battery Pack,1,11885.011764705881,6.70445732620495,2.585517444635376
45899814,KDE6815XF-205,"21.5""x7.3 DUAL-EDN (KDE)",LiPo 12000mAh 8S2P 29.6v Battery Pack,2,9807.011764705881,13.4089146524099,1.6484225950397602
2d6413c5,KDE6815XF-205,"21.5""x7.3 DUAL-EDN (KDE)",LiPo 12000mAh 8S2P 29.6v Battery Pack,3,7729.011764705881,20.11337197861485,1.1977972786920477
0f099ed9,KDE6815XF-205,"21.5""x7.3 DUAL-EDN (KDE)",LiPo 12000mAh 8S2P 29.6v Battery Pack,4,5651.011764705881,26.8178293048198,0.9589050237967396
89b4e94d,KDE6815XF-205,"21.5""x7.3 DUAL-EDN (KDE)",LiPo 12000mAh 8S2P 29.6v Battery Pack,5,3573.0117647058814,33.52228663102475,0.8311127370436069
3868eb98,KDE6815XF-205,"21.5""x7.3 DUAL-EDN (KDE)",LiPo 16000mAh 8S2P 29.6v Battery Pack,1,11341.011764705881,8.939276434939934,2.2694373768073497
9941784a,KDE6815XF-205,"21.5""x7.3 DUAL-EDN (KDE)",LiPo 16000mAh 8S2P 29.6v Battery Pack,2,8719.011764705881,17.87855286987987,1.3918998705134904
8b4b807c,KDE6815XF-205,"21.5""x7.3 DUAL-EDN (KDE)",LiPo 16000mAh 8S2P 29.6v Battery Pack,3,6097.011764705881,26.8178293048198,1.0225663069916893
ac4f205a,KDE6815XF-205,"21.5""x7.3 DUAL-EDN (KDE)",LiPo 16000mAh 8S2P 29.6v Battery Pack,4,3475.0117647058814,35.75710573975974,0.8589233512554915
805c7c56,KDE6815XF-205,"21.5""x7.3 DUAL-EDN (KDE)",LiPo 16000mAh 8S2P 29.6v Battery Pack,5,853.0117647058814,44.69638217469966,0.7988036975509655
95c055c7,KDE6815XF-205,"21.5""x7.3 DUAL-EDN (KDE)",LiPo 17000mAh 8S 29.6v Battery Pack,1,11445.011764705881,9.49798121212368,2.340629746495355
fb956e2f,KDE6815XF-205,"21.5""x7.3 DUAL-EDN (KDE)",LiPo 17000mAh 8S 29.6v Battery Pack,2,8927.011764705881,18.99596242424736,1.466631807611758
19a07617,KDE6815XF-205,"21.5""x7.3 DUAL-EDN (KDE)",LiPo 17000mAh 8S 29.6v Battery Pack,3,6409.011764705881,28.493943636371036,1.0983195271936594
06145125,KDE6815XF-205,"21.5""x7.3 DUAL-EDN (KDE)",LiPo 17000mAh 8S 29.6v Battery Pack,4,3891.0117647058814,37.99192484849472,0.9372220445046877
d6bea459,KDE6815XF-205,"21.5""x7.3 DUAL-EDN (KDE)",LiPo 17000mAh 8S 29.6v Battery Pack,5,1373.0117647058814,47.489906060618395,0.8811416771882954
9856ea7c,KDE6815XF-205,"21.5""x7.3 DUAL-EDN (KDE)",LiPo 31000mAh 8S 29.6v Battery Pack,1,9509.011764705881,17.31984809269612,1.6129652552484266
bd5d7ec9,KDE6815XF-205,"21.5""x7.3 DUAL-EDN (KDE)",LiPo 31000mAh 8S 29.6v Battery Pack,2,5055.011764705881,34.63969618539224,1.0118166632023429
e8878f78,KDE6815XF-205,"21.5""x7.3 DUAL-EDN (KDE)",LiPo 31000mAh 8S 29.6v Battery Pack,3,601.0117647058814,51.95954427808836,0.9033492433947747
f55009ab,KDE6815XF-205,"21.5""x7.3 DUAL-EDN (KDE)",LiPo 31000mAh 8S 29.6v Battery Pack,4,-3852.9882352941204,69.27939237078448,0.9670938284718077
ba4b7d49,KDE6815XF-205,"21.5""x7.3 DUAL-EDN (KDE)",LiPo 31000mAh 8S 29.6v Battery Pack,5,-8306.98823529412,86.59924046348058,1.1109932898362025
e1615adc,KDE6815XF-205,"21.5""x7.3 DUAL-EDN (KDE)",LiPo 81000mAh 8S3P 29.6v NMC Battery Pack,1,4245.011764705881,45.255086951883406,1.0953696842841905
989e2331,KDE6815XF-205,"21.5""x7.3 DUAL-EDN (KDE)",LiPo 81000mAh 8S3P 29.6v NMC Battery Pack,2,-5472.98823529412,90.51017390376681,1.261553640405367
ed02b387,KDE6815XF-205,"21.5""x7.3 DUAL-EDN (KDE)",LiPo 81000mAh 8S3P 29.6v NMC Battery Pack,3,-15190.98823529412,135.7652608556502,1.786255049113156
43a38f41,KDE6815XF-205,"21.5""x7.3 DUAL-EDN (KDE)",LiPo 81000mAh 8S3P 29.6v NMC Battery Pack,4,-24908.98823529412,181.02034780753362,2.418209010490491
da4f2794,KDE6815XF-205,"21.5""x7.3 DUAL-EDN (KDE)",LiPo 81000mAh 8S3P 29.6v NMC Battery Pack,5,-34626.98823529412,226.275434759417,3.0964829392327147
d8e1fe5c,KDE6815XF-205,"21.5""x7.3 DUAL-EDN (KDE)",LiPo 22000mAh 8S2P 29.6v Battery Pack,1,10669.011764705881,12.291505098042407,1.9770017583953652
1d1d593a,KDE6815XF-205,"21.5""x7.3 DUAL-EDN (KDE)",LiPo 22000mAh 8S2P 29.6v Battery Pack,2,7375.011764705881,24.583010196084814,1.201502863044972
e77ee863,KDE6815XF-205,"21.5""x7.3 DUAL-EDN (KDE)",LiPo 22000mAh 8S2P 29.6v Battery Pack,3,4081.0117647058814,36.87451529412722,0.938249294804557
2bcdccea,KDE6815XF-205,"21.5""x7.3 DUAL-EDN (KDE)",LiPo 22000mAh 8S2P 29.6v Battery Pack,4,787.0117647058814,49.16602039216963,0.8689237982597922
98892c18,KDE6815XF-205,"21.5""x7.3 DUAL-EDN (KDE)",LiPo 22000mAh 8S2P 29.6v Battery Pack,5,-2506.9882352941204,61.45752549021204,0.8936953006836865
529efc0f,KDE6815XF-205,"21.5""x7.3 DUAL-EDN (KDE)",LiPo 23000mAh 8S 29.6v Battery Pack,1,10613.011764705881,12.850209875226156,1.9607654783758397
4e5671bd,KDE6815XF-205,"21.5""x7.3 DUAL-EDN (KDE)",LiPo 23000mAh 8S 29.6v Battery Pack,2,7263.011764705881,25.700419750452312,1.198837206529917
102ded1e,KDE6815XF-205,"21.5""x7.3 DUAL-EDN (KDE)",LiPo 23000mAh 8S 29.6v Battery Pack,3,3913.0117647058814,38.55062962567846,0.9487792208445143
5fc0cdee,KDE6815XF-205,"21.5""x7.3 DUAL-EDN (KDE)",LiPo 23000mAh 8S 29.6v Battery Pack,4,563.0117647058814,51.400839500904624,0.8915930854682811
b7c629a3,KDE6815XF-205,"21.5""x7.3 DUAL-EDN (KDE)",LiPo 23000mAh 8S 29.6v Battery Pack,5,-2786.9882352941204,64.25104937613078,0.9277551668956843
0148b93a,KDE6815XF-205,"24.5""x8.1 DUAL-EDN (KDE)",LiPo 12000mAh 8S2P 29.6v Battery Pack,1,17160.44705882353,4.8778252264174595,3.599800953838593
96705ad4,KDE6815XF-205,"24.5""x8.1 DUAL-EDN (KDE)",LiPo 12000mAh 8S2P 29.6v Battery Pack,2,15082.44705882353,9.755650452834919,2.3311079565384394
5841586d,KDE6815XF-205,"24.5""x8.1 DUAL-EDN (KDE)",LiPo 12000mAh 8S2P 29.6v Battery Pack,3,13004.44705882353,14.633475679252378,1.6835191959202984
0bbf2a4d,KDE6815XF-205,"24.5""x8.1 DUAL-EDN (KDE)",LiPo 12000mAh 8S2P 29.6v Battery Pack,4,10926.44705882353,19.511300905669838,1.3085607167430018
de7574a2,KDE6815XF-205,"24.5""x8.1 DUAL-EDN (KDE)",LiPo 12000mAh 8S2P 29.6v Battery Pack,5,8848.44705882353,24.389126132087295,1.0773712404982076
4978925e,KDE6815XF-205,"24.5""x8.1 DUAL-EDN (KDE)",LiPo 16000mAh 8S2P 29.6v Battery Pack,1,16616.44705882353,6.503766968556612,3.1734826392045763
2da290fb,KDE6815XF-205,"24.5""x8.1 DUAL-EDN (KDE)",LiPo 16000mAh 8S2P 29.6v Battery Pack,2,13994.44705882353,13.007533937113225,1.9567025986597395
8683ded5,KDE6815XF-205,"24.5""x8.1 DUAL-EDN (KDE)",LiPo 16000mAh 8S2P 29.6v Battery Pack,3,11372.44705882353,19.511300905669838,1.3915018783028943
0f5167cb,KDE6815XF-205,"24.5""x8.1 DUAL-EDN (KDE)",LiPo 16000mAh 8S2P 29.6v Battery Pack,4,8750.44705882353,26.01506787422645,1.0921466190366587
4e1f17c5,KDE6815XF-205,"24.5""x8.1 DUAL-EDN (KDE)",LiPo 16000mAh 8S2P 29.6v Battery Pack,5,6128.447058823531,32.51883484278306,0.9271946115143188
bc6af0f9,KDE6815XF-205,"24.5""x8.1 DUAL-EDN (KDE)",LiPo 17000mAh 8S 29.6v Battery Pack,1,16720.44705882353,6.910252404091401,3.259767100517963
2a0a62e9,KDE6815XF-205,"24.5""x8.1 DUAL-EDN (KDE)",LiPo 17000mAh 8S 29.6v Battery Pack,2,14202.44705882353,13.820504808182802,2.0429881449579796
83c4da16,KDE6815XF-205,"24.5""x8.1 DUAL-EDN (KDE)",LiPo 17000mAh 8S 29.6v Battery Pack,3,11684.44705882353,20.730757212274202,1.4740957692622072
9f129665,KDE6815XF-205,"24.5""x8.1 DUAL-EDN (KDE)",LiPo 17000mAh 8S 29.6v Battery Pack,4,9166.44705882353,27.641009616365604,1.1728507397698955
806961aa,KDE6815XF-205,"24.5""x8.1 DUAL-EDN (KDE)",LiPo 17000mAh 8S 29.6v Battery Pack,5,6648.447058823531,34.551262020457,1.007874683776749
5e649366,KDE6815XF-205,"24.5""x8.1 DUAL-EDN (KDE)",LiPo 31000mAh 8S 29.6v Battery Pack,1,14784.44705882353,12.601048501578436,2.248351873474376
66b88610,KDE6815XF-205,"24.5""x8.1 DUAL-EDN (KDE)",LiPo 31000mAh 8S 29.6v Battery Pack,2,10330.44705882353,25.202097003156872,1.3024361270055607
9a723bfc,KDE6815XF-205,"24.5""x8.1 DUAL-EDN (KDE)",LiPo 31000mAh 8S 29.6v Battery Pack,3,5876.447058823531,37.803145504735305,0.9936669499176423
fc392b24,KDE6815XF-205,"24.5""x8.1 DUAL-EDN (KDE)",LiPo 31000mAh 8S 29.6v Battery Pack,4,1422.4470588235308,50.404194006313745,0.9090698156444201
3306ea8a,KDE6815XF-205,"24.5""x8.1 DUAL-EDN (KDE)",LiPo 31000mAh 8S 29.6v Battery Pack,5,-3031.552941176469,63.00524250789218,0.9291599845017408
21fa7b5d,KDE6815XF-205,"24.5""x8.1 DUAL-EDN (KDE)",LiPo 81000mAh 8S3P 29.6v NMC Battery Pack,1,9520.44705882353,32.92532027831784,1.3093445319469368
96e73c31,KDE6815XF-205,"24.5""x8.1 DUAL-EDN (KDE)",LiPo 81000mAh 8S3P 29.6v NMC Battery Pack,2,-197.55294117646918,65.85064055663568,1.088625982252103
fbc36466,KDE6815XF-205,"24.5""x8.1 DUAL-EDN (KDE)",LiPo 81000mAh 8S3P 29.6v NMC Battery Pack,3,-9915.55294117647,98.77596083495354,1.3359511490142089
b9ba6a24,KDE6815XF-205,"24.5""x8.1 DUAL-EDN (KDE)",LiPo 81000mAh 8S3P 29.6v NMC Battery Pack,4,-19633.552941176466,131.70128111327136,1.7238673428558033
379741bb,KDE6815XF-205,"24.5""x8.1 DUAL-EDN (KDE)",LiPo 81000mAh 8S3P 29.6v NMC Battery Pack,5,-29351.552941176466,164.62660139158922,2.172614793173815
008bd519,KDE6815XF-205,"24.5""x8.1 DUAL-EDN (KDE)",LiPo 22000mAh 8S2P 29.6v Battery Pack,1,15944.44705882353,8.942679581765342,2.7658054846851803
ef456756,KDE6815XF-205,"24.5""x8.1 DUAL-EDN (KDE)",LiPo 22000mAh 8S2P 29.6v Battery Pack,2,12650.44705882353,17.885359163530683,1.645716626664158
7493d481,KDE6815XF-205,"24.5""x8.1 DUAL-EDN (KDE)",LiPo 22000mAh 8S2P 29.6v Battery Pack,3,9356.44705882353,26.828038745296023,1.18495430041618
9e1e79db,KDE6815XF-205,"24.5""x8.1 DUAL-EDN (KDE)",LiPo 22000mAh 8S2P 29.6v Battery Pack,4,6062.447058823531,35.77071832706137,0.975669791247144
50108d61,KDE6815XF-205,"24.5""x8.1 DUAL-EDN (KDE)",LiPo 22000mAh 8S2P 29.6v Battery Pack,5,2768.447058823531,44.71339790882671,0.8888954311493432
b675d729,KDE6815XF-205,"24.5""x8.1 DUAL-EDN (KDE)",LiPo 23000mAh 8S 29.6v Battery Pack,1,15888.44705882353,9.34916501730013,2.7396428507063084
44e544eb,KDE6815XF-205,"24.5""x8.1 DUAL-EDN (KDE)",LiPo 23000mAh 8S 29.6v Battery Pack,2,12538.44705882353,18.69833003460026,1.6315865199070916
779e8ccc,KDE6815XF-205,"24.5""x8.1 DUAL-EDN (KDE)",LiPo 23000mAh 8S 29.6v Battery Pack,3,9188.44705882353,28.047495051900388,1.1825570164553567
75588dfb,KDE6815XF-205,"24.5""x8.1 DUAL-EDN (KDE)",LiPo 23000mAh 8S 29.6v Battery Pack,4,5838.447058823531,37.39666006920052,0.9836934327234317
d9a2f971,KDE6815XF-205,"24.5""x8.1 DUAL-EDN (KDE)",LiPo 23000mAh 8S 29.6v Battery Pack,5,2488.447058823531,46.74582508650066,0.9063885882034648
